model,group_kind,metric,value
ols,primary_use,rmse,0.915632480117777
ols,primary_use,rmse,28.787211734235058
ols,primary_use,rmse,45.544063278997804
ols,primary_use,rmse,78.19377190811069
ols,primary_use,rmse,197.71762563970972
ols,primary_use,rmse,642.1761605188435
ols,primary_use,rmse,686.9077435443288
ols,primary_use,rmse,700.0864212101983
ols,primary_use,rmse,796.5698661945229
ols,primary_use,rmse,964.0175923222016
ols,primary_use,rmse,1851.6161299329972
ols,primary_use,rmse,2008.8779921510402
ols,primary_use,rmse,2132.0842074783995
ols,primary_use,rmse,4060.377601474207
ols,primary_use,rmse,10817.97925025173
ols,primary_use,rmse,18854.427349493126
ols,meter,rmse,242.6609833255381
ols,meter,rmse,576.6137280775501
ols,meter,rmse,3757.5325746871413
ols,meter,rmse,18162.89851165115
ols,site,rmse,226.81488683724524
ols,site,rmse,296.07539587515606
ols,site,rmse,1459.7347457745032
ols,site,rmse,12442.588531545607
ridge,primary_use,rmse,0.9156330379415085
ridge,primary_use,rmse,28.787207554088734
ridge,primary_use,rmse,45.54406124997094
ridge,primary_use,rmse,78.19375697835015
ridge,primary_use,rmse,197.7175916373833
ridge,primary_use,rmse,642.1761398012106
ridge,primary_use,rmse,686.9078444746505
ridge,primary_use,rmse,700.0863829115871
ridge,primary_use,rmse,796.5698450280397
ridge,primary_use,rmse,964.0180073616643
ridge,primary_use,rmse,1851.616240948417
ridge,primary_use,rmse,2008.878264699067
ridge,primary_use,rmse,2132.0844595362646
ridge,primary_use,rmse,4060.3780611629004
ridge,primary_use,rmse,10817.979305753075
ridge,primary_use,rmse,18854.427325946883
ridge,meter,rmse,242.66095768238702
ridge,meter,rmse,576.6137117390198
ridge,meter,rmse,3757.532607184001
ridge,meter,rmse,18162.898846276494
ridge,site,rmse,226.81498689921406
ridge,site,rmse,296.07527053541554
ridge,site,rmse,1459.7349613090762
ridge,site,rmse,12442.588732994182
lasso,primary_use,rmse,1.6428274077825418
lasso,primary_use,rmse,24.62967159548865
lasso,primary_use,rmse,46.24845359047318
lasso,primary_use,rmse,79.87359465262666
lasso,primary_use,rmse,199.74584593855715
lasso,primary_use,rmse,651.8441582508458
lasso,primary_use,rmse,694.9550612722035
lasso,primary_use,rmse,716.526437315646
lasso,primary_use,rmse,800.7578346978459
lasso,primary_use,rmse,1029.3479865345228
lasso,primary_use,rmse,1871.5508108111082
lasso,primary_use,rmse,2046.5186656945302
lasso,primary_use,rmse,2162.983335465332
lasso,primary_use,rmse,4102.951569555176
lasso,primary_use,rmse,10825.062303715116
lasso,primary_use,rmse,18857.475261900763
lasso,meter,rmse,246.36899389603815
lasso,meter,rmse,588.8429648526054
lasso,meter,rmse,3761.728654930215
lasso,meter,rmse,18198.21838037019
lasso,site,rmse,233.8034833692178
lasso,site,rmse,287.8937183585274
lasso,site,rmse,1486.8826531062825
lasso,site,rmse,12463.861648074258
elasticnet,primary_use,rmse,1.6285093722081945
elasticnet,primary_use,rmse,24.27483048162318
elasticnet,primary_use,rmse,46.13355358550144
elasticnet,primary_use,rmse,80.06863029633736
elasticnet,primary_use,rmse,199.62649207206067
elasticnet,primary_use,rmse,651.1298387428172
elasticnet,primary_use,rmse,695.0521896183916
elasticnet,primary_use,rmse,715.1510084640144
elasticnet,primary_use,rmse,800.4974572935836
elasticnet,primary_use,rmse,1026.7934505604574
elasticnet,primary_use,rmse,1870.6527782485066
elasticnet,primary_use,rmse,2045.0803903544781
elasticnet,primary_use,rmse,2161.4613605361465
elasticnet,primary_use,rmse,4101.474321493778
elasticnet,primary_use,rmse,10824.831922345507
elasticnet,primary_use,rmse,18857.06706962254
elasticnet,meter,rmse,245.93396429938238
elasticnet,meter,rmse,588.0494454693292
elasticnet,meter,rmse,3761.565630653512
elasticnet,meter,rmse,18196.97650719798
elasticnet,site,rmse,233.51449714920406
elasticnet,site,rmse,287.93619547497246
elasticnet,site,rmse,1486.0432246398952
elasticnet,site,rmse,12463.088504276251
decision_tree,primary_use,rmse,0.9473491320345252
decision_tree,primary_use,rmse,14.26203856632338
decision_tree,primary_use,rmse,26.575316968457074
decision_tree,primary_use,rmse,27.807491041887744
decision_tree,primary_use,rmse,137.93002287672363
decision_tree,primary_use,rmse,198.4914696134606
decision_tree,primary_use,rmse,225.04633287541526
decision_tree,primary_use,rmse,322.0141787756839
decision_tree,primary_use,rmse,401.0376946191473
decision_tree,primary_use,rmse,598.7310891962585
decision_tree,primary_use,rmse,857.3901640389133
decision_tree,primary_use,rmse,1063.5330835467953
decision_tree,primary_use,rmse,1137.5889232336751
decision_tree,primary_use,rmse,1369.5090453799087
decision_tree,primary_use,rmse,14456.127054474568
decision_tree,primary_use,rmse,51955.360665316526
decision_tree,meter,rmse,71.7504844563159
decision_tree,meter,rmse,461.14540556376534
decision_tree,meter,rmse,3687.89463992307
decision_tree,meter,rmse,82519.58513135588
decision_tree,site,rmse,41.382506114433404
decision_tree,site,rmse,145.1688779732703
decision_tree,site,rmse,641.0025572775756
decision_tree,site,rmse,54925.277743758896
random_forest,primary_use,rmse,0.9563792202463306
random_forest,primary_use,rmse,23.455872801188278
random_forest,primary_use,rmse,28.60878963520363
random_forest,primary_use,rmse,31.997493384570607
random_forest,primary_use,rmse,142.56129007283653
random_forest,primary_use,rmse,197.82700580065784
random_forest,primary_use,rmse,262.16930460713843
random_forest,primary_use,rmse,324.58367033779706
random_forest,primary_use,rmse,401.55930993370384
random_forest,primary_use,rmse,616.8564677905242
random_forest,primary_use,rmse,858.735475082055
random_forest,primary_use,rmse,1114.760031529463
random_forest,primary_use,rmse,1126.8006910766899
random_forest,primary_use,rmse,1314.2475503949213
random_forest,primary_use,rmse,14809.03802934642
random_forest,primary_use,rmse,51934.78882702506
random_forest,meter,rmse,82.23417054634552
random_forest,meter,rmse,461.07860261634374
random_forest,meter,rmse,3689.9350188709727
random_forest,meter,rmse,82489.28104438625
random_forest,site,rmse,67.48073382034903
random_forest,site,rmse,152.48265774026058
random_forest,site,rmse,609.4977880907089
random_forest,site,rmse,54905.60638810353
lightgbm,primary_use,rmse,1.0223972259647565
lightgbm,primary_use,rmse,15.03126110566375
lightgbm,primary_use,rmse,25.47481634656576
lightgbm,primary_use,rmse,26.56528071905235
lightgbm,primary_use,rmse,136.21253785098264
lightgbm,primary_use,rmse,242.40865950925223
lightgbm,primary_use,rmse,263.47388987008964
lightgbm,primary_use,rmse,335.41898854686144
lightgbm,primary_use,rmse,415.3985817495166
lightgbm,primary_use,rmse,610.9288024285661
lightgbm,primary_use,rmse,785.9200102996489
lightgbm,primary_use,rmse,843.1584675410911
lightgbm,primary_use,rmse,1112.8396090007068
lightgbm,primary_use,rmse,1237.0853647875276
lightgbm,primary_use,rmse,13654.117753439132
lightgbm,primary_use,rmse,48763.6360887131
lightgbm,meter,rmse,109.38661363627546
lightgbm,meter,rmse,469.9376268087683
lightgbm,meter,rmse,3694.8691409586295
lightgbm,meter,rmse,77433.62128379112
lightgbm,site,rmse,124.19131088559048
lightgbm,site,rmse,161.8903746690064
lightgbm,site,rmse,638.9758643730675
lightgbm,site,rmse,51552.41469365496
mlp,primary_use,rmse,1.1267054156493168
mlp,primary_use,rmse,19.86959055916333
mlp,primary_use,rmse,26.93103432208358
mlp,primary_use,rmse,39.3979461827037
mlp,primary_use,rmse,143.99180498168448
mlp,primary_use,rmse,317.4144593935295
mlp,primary_use,rmse,479.1554711739172
mlp,primary_use,rmse,509.53922594805766
mlp,primary_use,rmse,659.8669639988213
mlp,primary_use,rmse,660.0114945959614
mlp,primary_use,rmse,1253.067366690447
mlp,primary_use,rmse,1435.085430578652
mlp,primary_use,rmse,1553.1464220881894
mlp,primary_use,rmse,2385.4957824786775
mlp,primary_use,rmse,14043.643562890356
mlp,primary_use,rmse,18709.018825611987
mlp,meter,rmse,204.23541035138078
mlp,meter,rmse,521.3730887434008
mlp,meter,rmse,3736.856951967386
mlp,meter,rmse,29737.50260061946
mlp,site,rmse,200.60578368521857
mlp,site,rmse,217.61874025087815
mlp,site,rmse,1025.1719330455683
mlp,site,rmse,20011.609509205253
ols,primary_use,cv_rmse,0.7582173518253581
ols,primary_use,cv_rmse,0.30622639415396996
ols,primary_use,cv_rmse,0.7374468392058954
ols,primary_use,cv_rmse,2.044994775466695
ols,primary_use,cv_rmse,1.7510902267766215
ols,primary_use,cv_rmse,1.5954610981545851
ols,primary_use,cv_rmse,2.0504827083125674
ols,primary_use,cv_rmse,1.514671284481675
ols,primary_use,cv_rmse,2.0853742503111583
ols,primary_use,cv_rmse,3.104938680549001
ols,primary_use,cv_rmse,3.4166901715640754
ols,primary_use,cv_rmse,2.065896502649471
ols,primary_use,cv_rmse,2.6383086719019047
ols,primary_use,cv_rmse,5.119292637047294
ols,primary_use,cv_rmse,13.5766614922173
ols,primary_use,cv_rmse,2.444528833131409
ols,meter,cv_rmse,1.2926879811667153
ols,meter,cv_rmse,1.8968070292460866
ols,meter,cv_rmse,8.669431715280686
ols,meter,cv_rmse,4.852527373615048
ols,site,cv_rmse,1.2888647957584543
ols,site,cv_rmse,1.7741941141102726
ols,site,cv_rmse,2.3073894925748535
ols,site,cv_rmse,7.751926908648565
ridge,primary_use,cv_rmse,0.7582178137482821
ridge,primary_use,cv_rmse,0.30622634968731066
ridge,primary_use,cv_rmse,0.7374468063520097
ridge,primary_use,cv_rmse,2.0449943850099928
ridge,primary_use,cv_rmse,1.7510899256343166
ridge,primary_use,cv_rmse,1.5954610466824513
ridge,primary_use,cv_rmse,2.050483009598848
ridge,primary_use,cv_rmse,1.5146712016207526
ridge,primary_use,cv_rmse,2.0853741948985185
ridge,primary_use,cv_rmse,3.104940017321371
ridge,primary_use,cv_rmse,3.4166903764150094
ridge,primary_use,cv_rmse,2.0658967829332995
ridge,primary_use,cv_rmse,2.6383089838063074
ridge,primary_use,cv_rmse,5.119293216619238
ridge,primary_use,cv_rmse,13.576661561871989
ridge,primary_use,cv_rmse,2.444528830078573
ridge,meter,cv_rmse,1.2926878445621706
ridge,meter,cv_rmse,1.896806975499466
ridge,meter,cv_rmse,8.669431790257896
ridge,meter,cv_rmse,4.852527463015901
ridge,site,cv_rmse,1.2888653643558283
ridge,site,cv_rmse,1.7741933630278357
ridge,site,cv_rmse,2.307389833268401
ridge,site,cv_rmse,7.751927034154172
lasso,primary_use,cv_rmse,1.3603932513127686
lasso,primary_use,cv_rmse,0.26200021007638447
lasso,primary_use,cv_rmse,0.7488522864006852
lasso,primary_use,cv_rmse,2.0889270305864787
lasso,primary_use,cv_rmse,1.7690532016584541
lasso,primary_use,cv_rmse,1.6194808535220124
lasso,primary_use,cv_rmse,1.5035693357608517
lasso,primary_use,cv_rmse,2.138897229755463
lasso,primary_use,cv_rmse,2.096338111798496
lasso,primary_use,cv_rmse,3.3153569028106062
lasso,primary_use,cv_rmse,3.4534745930910002
lasso,primary_use,cv_rmse,2.104605541294273
lasso,primary_use,cv_rmse,2.676544233628871
lasso,primary_use,cv_rmse,5.172969566318025
lasso,primary_use,cv_rmse,13.585550788173514
lasso,primary_use,cv_rmse,2.4449240034340236
lasso,meter,cv_rmse,1.3124410565595328
lasso,meter,cv_rmse,1.937035870752475
lasso,meter,cv_rmse,8.67911297031071
lasso,meter,cv_rmse,4.861963677500228
lasso,site,cv_rmse,1.3285771628231542
lasso,site,cv_rmse,1.7251664532651556
lasso,site,cv_rmse,2.3503019438294874
lasso,site,cv_rmse,7.765180392361474
elasticnet,primary_use,cv_rmse,1.348536766039194
elasticnet,primary_use,cv_rmse,0.2582255577828671
elasticnet,primary_use,cv_rmse,0.7469918321638269
elasticnet,primary_use,cv_rmse,2.0940277804631675
elasticnet,primary_use,cv_rmse,1.7679961416797407
elasticnet,primary_use,cv_rmse,1.6177061551498528
elasticnet,primary_use,cv_rmse,1.5037794776982227
elasticnet,primary_use,cv_rmse,2.134791448297486
elasticnet,primary_use,cv_rmse,2.0956564586789708
elasticnet,primary_use,cv_rmse,3.3071291716779996
elasticnet,primary_use,cv_rmse,3.4518175006835707
elasticnet,primary_use,cv_rmse,2.103126443008329
elasticnet,primary_use,cv_rmse,2.6746608935431455
elasticnet,primary_use,cv_rmse,5.171107063401778
elasticnet,primary_use,cv_rmse,13.585261657477574
elasticnet,primary_use,cv_rmse,2.444871080172283
elasticnet,meter,cv_rmse,1.3101235948755738
elasticnet,meter,cv_rmse,1.934425538964053
elasticnet,meter,cv_rmse,8.678736838419178
elasticnet,meter,cv_rmse,4.861631889952175
elasticnet,site,cv_rmse,1.326935012386608
elasticnet,site,cv_rmse,1.725420991977359
elasticnet,site,cv_rmse,2.348975066854943
elasticnet,site,cv_rmse,7.764698711705007
decision_tree,primary_use,cv_rmse,0.7844812910665592
decision_tree,primary_use,cv_rmse,0.15171363881192212
decision_tree,primary_use,cv_rmse,0.4303059957393138
decision_tree,primary_use,cv_rmse,0.7272468447528476
decision_tree,primary_use,cv_rmse,1.2215800905814538
decision_tree,primary_use,cv_rmse,0.42944602284723776
decision_tree,primary_use,cv_rmse,0.5591186522635428
decision_tree,primary_use,cv_rmse,1.0371535616454493
decision_tree,primary_use,cv_rmse,1.1971343545423725
decision_tree,primary_use,cv_rmse,1.5674436722487406
decision_tree,primary_use,cv_rmse,1.0609618030343104
decision_tree,primary_use,cv_rmse,1.9624818421834886
decision_tree,primary_use,cv_rmse,1.434263305112882
decision_tree,primary_use,cv_rmse,1.4083801795089042
decision_tree,primary_use,cv_rmse,1.8742769931447494
decision_tree,primary_use,cv_rmse,65.2044460561015
decision_tree,meter,cv_rmse,0.38222456543473304
decision_tree,meter,cv_rmse,1.5169667390580173
decision_tree,meter,cv_rmse,8.508762098123594
decision_tree,meter,cv_rmse,22.04651121363666
decision_tree,site,cv_rmse,0.2351541207673227
decision_tree,site,cv_rmse,0.8699060186709032
decision_tree,site,cv_rmse,1.0132269370563904
decision_tree,site,cv_rmse,34.219305526930505
random_forest,primary_use,cv_rmse,0.7919589305336778
random_forest,primary_use,cv_rmse,0.249513826346021
random_forest,primary_use,cv_rmse,0.7482031357327157
random_forest,primary_use,cv_rmse,0.5181015627528431
random_forest,primary_use,cv_rmse,1.2625970039621681
random_forest,primary_use,cv_rmse,0.4280084228219584
random_forest,primary_use,cv_rmse,0.6513491972249182
random_forest,primary_use,cv_rmse,1.045429462214163
random_forest,primary_use,cv_rmse,1.1986914241677205
random_forest,primary_use,cv_rmse,1.614894874461796
random_forest,primary_use,cv_rmse,1.0626265336200333
random_forest,primary_use,cv_rmse,1.4054808152353662
random_forest,primary_use,cv_rmse,2.0792262414848635
random_forest,primary_use,cv_rmse,1.3515501830299128
random_forest,primary_use,cv_rmse,1.9200328804815214
random_forest,primary_use,cv_rmse,65.17862821357335
random_forest,meter,cv_rmse,0.43807258360881796
random_forest,meter,cv_rmse,1.5167469865719532
random_forest,meter,cv_rmse,8.513469688972254
random_forest,meter,cv_rmse,22.038414961187847
random_forest,site,cv_rmse,0.3834560571652604
random_forest,site,cv_rmse,0.9137329127501549
random_forest,site,cv_rmse,0.9634276337252894
random_forest,site,cv_rmse,34.207049965248316
lightgbm,primary_use,cv_rmse,0.8466271501038023
lightgbm,primary_use,cv_rmse,0.15989630848826414
lightgbm,primary_use,cv_rmse,0.6662406105171768
lightgbm,primary_use,cv_rmse,0.43014348936925945
lightgbm,primary_use,cv_rmse,1.206369149050674
lightgbm,primary_use,cv_rmse,0.5244630156283504
lightgbm,primary_use,cv_rmse,0.6545903873596981
lightgbm,primary_use,cv_rmse,1.0803282015020417
lightgbm,primary_use,cv_rmse,1.2400029217023674
lightgbm,primary_use,cv_rmse,1.5993765863179783
lightgbm,primary_use,cv_rmse,0.8082269839104325
lightgbm,primary_use,cv_rmse,1.0433510500657457
lightgbm,primary_use,cv_rmse,1.403059561382544
lightgbm,primary_use,cv_rmse,2.2827287680888015
lightgbm,primary_use,cv_rmse,1.7702942614245312
lightgbm,primary_use,cv_rmse,61.1988029363916
lightgbm,meter,cv_rmse,0.5827173318524129
lightgbm,meter,cv_rmse,1.54588930237577
lightgbm,meter,cv_rmse,8.524853764469553
lightgbm,meter,cv_rmse,20.687709435622377
lightgbm,site,cv_rmse,0.7057112113385624
lightgbm,site,cv_rmse,0.9701074586757286
lightgbm,site,cv_rmse,1.0100233619369554
lightgbm,site,cv_rmse,32.11795918963108
mlp,primary_use,cv_rmse,0.9330027222614778
mlp,primary_use,cv_rmse,0.2113644463528323
mlp,primary_use,cv_rmse,0.7043249499627041
mlp,primary_use,cv_rmse,0.6379292665579255
mlp,primary_use,cv_rmse,1.2752663887377396
mlp,primary_use,cv_rmse,0.6867417398148647
mlp,primary_use,cv_rmse,1.4303230928304036
mlp,primary_use,cv_rmse,1.265929916064006
mlp,primary_use,cv_rmse,2.1253206132897975
mlp,primary_use,cv_rmse,1.7278722609922195
mlp,primary_use,cv_rmse,1.550585332615285
mlp,primary_use,cv_rmse,2.6480879091231015
mlp,primary_use,cv_rmse,1.5972297840043654
mlp,primary_use,cv_rmse,3.007614609665027
mlp,primary_use,cv_rmse,1.8207973636827903
mlp,primary_use,cv_rmse,23.479987303631052
mlp,meter,cv_rmse,1.0879897405496788
mlp,meter,cv_rmse,1.7150894809344894
mlp,meter,cv_rmse,8.621728629338778
mlp,meter,cv_rmse,7.944879794372446
mlp,site,cv_rmse,1.1399328149167889
mlp,site,cv_rmse,1.3040525942115209
mlp,site,cv_rmse,1.620479990107332
mlp,site,cv_rmse,12.467545145166492
ols,primary_use,mae,0.7132541344943615
ols,primary_use,mae,25.594853065443278
ols,primary_use,mae,35.07108786117126
ols,primary_use,mae,46.88791558135977
ols,primary_use,mae,118.65908874004903
ols,primary_use,mae,338.8814786907106
ols,primary_use,mae,275.3475998738288
ols,primary_use,mae,433.4991546177426
ols,primary_use,mae,327.1813416621254
ols,primary_use,mae,412.46405689979235
ols,primary_use,mae,491.19064654501165
ols,primary_use,mae,849.5521464955629
ols,primary_use,mae,693.065529319007
ols,primary_use,mae,722.3057863860585
ols,primary_use,mae,702.3479514990511
ols,primary_use,mae,7680.665097883722
ols,meter,mae,116.48776807301964
ols,meter,mae,309.6947752865327
ols,meter,mae,407.0448289231447
ols,meter,mae,3500.7507147895053
ols,site,mae,119.44516327854413
ols,site,mae,142.2444954256078
ols,site,mae,524.7430635522778
ols,site,mae,1503.3718791709698
ridge,primary_use,mae,0.7132566047219887
ridge,primary_use,mae,25.59485921433022
ridge,primary_use,mae,35.07109830849276
ridge,primary_use,mae,46.88790425773188
ridge,primary_use,mae,118.6590919778511
ridge,primary_use,mae,338.8814539268622
ridge,primary_use,mae,275.3474342649158
ridge,primary_use,mae,433.4990934831215
ridge,primary_use,mae,327.18131688383517
ridge,primary_use,mae,412.4636340016148
ridge,primary_use,mae,491.1905409747249
ridge,primary_use,mae,849.552238856453
ridge,primary_use,mae,693.0654964803481
ridge,primary_use,mae,722.3058020196928
ridge,primary_use,mae,702.3480252929555
ridge,primary_use,mae,7680.6651006993525
ridge,meter,mae,116.48772513063055
ridge,meter,mae,309.69464869389344
ridge,meter,mae,407.0447387044496
ridge,meter,mae,3500.7511309792076
ridge,site,mae,119.44517143266019
ridge,site,mae,142.24440461738914
ridge,site,mae,524.743134778116
ridge,site,mae,1503.3718995160693
lasso,primary_use,mae,1.5008506802516357
lasso,primary_use,mae,21.75926549775503
lasso,primary_use,mae,38.50765889297374
lasso,primary_use,mae,48.057419921867044
lasso,primary_use,mae,119.86454227415551
lasso,primary_use,mae,344.8742132088737
lasso,primary_use,mae,425.21657227123535
lasso,primary_use,mae,270.6122655214825
lasso,primary_use,mae,330.12475362325256
lasso,primary_use,mae,412.0325723397425
lasso,primary_use,mae,487.2980736685572
lasso,primary_use,mae,863.1852766691695
lasso,primary_use,mae,702.3326207161626
lasso,primary_use,mae,728.7502778087528
lasso,primary_use,mae,709.7239383506909
lasso,primary_use,mae,7682.998269436767
lasso,meter,mae,116.36953536242993
lasso,meter,mae,298.534927349126
lasso,meter,mae,398.6979466837887
lasso,meter,mae,3559.943410879882
lasso,site,mae,121.20333768152011
lasso,site,mae,134.53889561133767
lasso,site,mae,537.80976299146
lasso,site,mae,1513.9485307759514
elasticnet,primary_use,mae,1.486214061339784
elasticnet,primary_use,mae,21.479330066635043
elasticnet,primary_use,mae,38.31487839985874
elasticnet,primary_use,mae,48.35099938832425
elasticnet,primary_use,mae,120.150576763852
elasticnet,primary_use,mae,344.30124395296343
elasticnet,primary_use,mae,425.247021685347
elasticnet,primary_use,mae,270.3771135978501
elasticnet,primary_use,mae,329.8466998113706
elasticnet,primary_use,mae,412.9220284566259
elasticnet,primary_use,mae,487.41683169739315
elasticnet,primary_use,mae,862.5192691914591
elasticnet,primary_use,mae,701.8213678295474
elasticnet,primary_use,mae,728.5539515151077
elasticnet,primary_use,mae,709.2818638765912
elasticnet,primary_use,mae,7683.099542309013
elasticnet,meter,mae,116.3661123443627
elasticnet,meter,mae,298.0247531686199
elasticnet,meter,mae,399.1309910528611
elasticnet,meter,mae,3557.620861597963
elasticnet,site,mae,121.19182165254617
elasticnet,site,mae,134.4599454444779
elasticnet,site,mae,537.2641084006196
elasticnet,site,mae,1513.6626551388981
decision_tree,primary_use,mae,0.6805392983919463
decision_tree,primary_use,mae,11.757649581559752
decision_tree,primary_use,mae,19.78322129636344
decision_tree,primary_use,mae,11.92417830975742
decision_tree,primary_use,mae,57.24101715744624
decision_tree,primary_use,mae,108.40531273783041
decision_tree,primary_use,mae,103.51126473369216
decision_tree,primary_use,mae,77.18095288334086
decision_tree,primary_use,mae,132.96111261020656
decision_tree,primary_use,mae,169.9437124710586
decision_tree,primary_use,mae,260.96774748708617
decision_tree,primary_use,mae,183.48799292951523
decision_tree,primary_use,mae,207.85913029579035
decision_tree,primary_use,mae,420.89237071328165
decision_tree,primary_use,mae,5246.822715353288
decision_tree,primary_use,mae,2658.1375208339323
decision_tree,meter,mae,29.443182170792177
decision_tree,meter,mae,163.8709042681381
decision_tree,meter,mae,213.99976855489092
decision_tree,meter,mae,7283.431740090245
decision_tree,site,mae,20.74188540651651
decision_tree,site,mae,43.14053394441469
decision_tree,site,mae,223.482137523167
decision_tree,site,mae,3233.2128051040286
random_forest,primary_use,mae,0.680580416177471
random_forest,primary_use,mae,20.23331383499185
random_forest,primary_use,mae,12.80937931134251
random_forest,primary_use,mae,24.711541430252517
random_forest,primary_use,mae,62.13337379867112
random_forest,primary_use,mae,108.62365032091425
random_forest,primary_use,mae,137.2817325991611
random_forest,primary_use,mae,80.93493243525853
random_forest,primary_use,mae,136.66412866518803
random_forest,primary_use,mae,192.0888617565706
random_forest,primary_use,mae,269.49205630401264
random_forest,primary_use,mae,215.89093643558488
random_forest,primary_use,mae,198.97979488903718
random_forest,primary_use,mae,382.60157067769063
random_forest,primary_use,mae,5456.711226588708
random_forest,primary_use,mae,2670.056276552505
random_forest,meter,mae,38.17445453877462
random_forest,meter,mae,164.57361155183952
random_forest,meter,mae,227.04105334085216
random_forest,meter,mae,7295.80171350555
random_forest,site,mae,34.14821735043648
random_forest,site,mae,51.40940012300187
random_forest,site,mae,225.4773879626192
random_forest,site,mae,3249.359513873677
lightgbm,primary_use,mae,0.7736821790601973
lightgbm,primary_use,mae,13.165375024060902
lightgbm,primary_use,mae,12.100816656108055
lightgbm,primary_use,mae,21.43993275754691
lightgbm,primary_use,mae,57.3971909059168
lightgbm,primary_use,mae,138.63926955661424
lightgbm,primary_use,mae,131.64318997131986
lightgbm,primary_use,mae,83.39975385226099
lightgbm,primary_use,mae,147.30881598496046
lightgbm,primary_use,mae,188.60896100314503
lightgbm,primary_use,mae,305.7064583958054
lightgbm,primary_use,mae,270.8585825841817
lightgbm,primary_use,mae,230.71488659953874
lightgbm,primary_use,mae,216.5778488116827
lightgbm,primary_use,mae,4879.496613219634
lightgbm,primary_use,mae,2504.6752507202073
lightgbm,meter,mae,50.510853165589666
lightgbm,meter,mae,170.86457528704378
lightgbm,meter,mae,230.40622412328295
lightgbm,meter,mae,6823.870719956029
lightgbm,site,mae,55.309892208941086
lightgbm,site,mae,58.09703484231976
lightgbm,site,mae,236.1152527920983
lightgbm,site,mae,3042.973441879717
mlp,primary_use,mae,0.9731308650512351
mlp,primary_use,mae,16.09405878168677
mlp,primary_use,mae,13.215138345047768
mlp,primary_use,mae,32.67285768898718
mlp,primary_use,mae,71.35443969087791
mlp,primary_use,mae,192.9215647368516
mlp,primary_use,mae,186.3788644268943
mlp,primary_use,mae,260.93715797855566
mlp,primary_use,mae,160.99253738858593
mlp,primary_use,mae,235.68243647486383
mlp,primary_use,mae,416.90135981279644
mlp,primary_use,mae,288.3784717727636
mlp,primary_use,mae,537.5630571211353
mlp,primary_use,mae,449.88290819743077
mlp,primary_use,mae,5348.182744845937
mlp,primary_use,mae,1254.020556238305
mlp,meter,mae,90.15217131413593
mlp,meter,mae,219.08247650761282
mlp,meter,mae,322.2660433690896
mlp,meter,mae,4051.5377276183804
mlp,site,mae,102.47476652847773
mlp,site,mae,88.19155396882483
mlp,site,mae,377.8966837313228
mlp,site,mae,1798.1385238599037
