building_id,meter,primary_use,n_rows,mean_kWh,rmse,bias,var_comp
1099,2,Education,2207,32559.496567319464,122512.3034699755,6118.441448942137,122359.42618268212
1088,1,Education,2207,15348.814692009397,36910.61591851349,-4875.142944453776,36587.24571152034
1168,2,Office,2207,42673.028998640686,7556.137277469226,-1999.7497795694298,7286.714717557706
1154,2,Lodging/residential,2207,11099.588928360932,5479.050617303106,-1462.4527326708019,5280.267765149155
1159,2,Office,2207,29802.51169397089,4999.113717930298,-740.3904120917431,4943.98220086617
1148,2,Office,2207,35751.61829592277,4907.228929134611,-950.6915501452861,4814.2581297036795
1197,2,Services,2207,45779.676398072894,3923.6628240375585,-1131.5499157835268,3756.9568462819325
1088,2,Education,2207,13055.37836464941,3707.811751914558,-1242.5826497939088,3493.4018300314165
1258,3,Education,1823,1494.3715953983844,3101.089405511049,-994.0613629459757,2937.447447644104
1107,2,Education,2207,11787.159526048876,2978.411898050955,-986.371094165756,2810.3397479745654
1214,2,Office,2207,6615.173312188491,2975.9080516211257,-901.7375489712877,2836.000374555458
1156,2,Education,2207,12907.232504619535,2870.098687282534,-734.2129697006206,2774.598671855863
1284,1,Education,2208,4113.323812056279,2666.125447523614,-782.9544544158852,2548.5696428081606
1220,2,Public services,2207,5776.161164228874,2386.4067467661125,-971.5555801518383,2179.682755743745
1104,2,Public services,2207,10405.50641402887,2294.8638048747507,-630.9194057546795,2206.4316409910325
1284,2,Education,2208,11638.17443582286,2176.249967838351,-539.4476092229082,2108.3311408363043
1289,2,Education,2208,8849.03423126884,2029.3650089600394,-540.4834207304004,1956.0674864398072
1258,2,Education,2208,6977.029808598044,1913.3363423971603,-438.1274816573401,1862.4983943494665
1072,2,Healthcare,2207,8674.623296021227,1778.2490831480302,-316.41739428951723,1749.8713765039538
1289,1,Education,2208,4513.779899306919,1700.6948226266668,-315.76266250949874,1671.1244180712765
1272,1,Public services,811,1157.9236152687474,1555.7063354422887,-728.9131732078579,1374.3754174385274
1250,2,Education,80,8989.5576171875,1469.0562765935658,-538.8310477726681,1366.6702037269854
1288,2,Education,2169,3054.5986030494196,1401.4123687835056,-377.85242698768644,1349.512567855117
1218,2,Entertainment/public assembly,2207,1824.1957408246492,1383.4911171164645,-585.1621569148932,1253.647845790385
1178,2,Education,2207,2766.9204807324704,1362.4054515462387,-561.4319705620726,1241.34715403617
1290,2,Education,2206,4154.545153786459,1340.822915221337,-339.42491470085713,1297.149496882669
1180,2,Education,2207,2776.3179098111123,1309.4313546185206,-547.7695094831921,1189.3523602947266
1258,1,Education,2208,3965.0472585399084,1297.375884305542,-269.8509241714973,1269.0014436167423
1086,2,Office,2207,5628.412886432463,1296.206431055705,-311.0926795054672,1258.321285152674
1152,2,Office,2207,4134.386535568479,1237.1992702492225,-365.47195951594864,1181.9865824588626
1158,2,Public services,2207,5350.48246372432,1218.7981955618623,-223.7748932873626,1198.0792288655541
1302,3,Office,1620,580.857481558529,1147.816398422561,-504.4427282115239,1031.0286215436765
1305,2,Lodging/residential,1739,316.6698221869471,1119.7113971285376,-263.3167911257078,1088.3096436082894
1200,2,Entertainment/public assembly,2207,2764.0010006210628,1098.331151566866,-324.04425639118756,1049.4411076387662
1255,3,Office,2208,661.3107230023252,976.6086702495891,-243.15930974172147,945.8530778575498
1321,1,Entertainment/public assembly,1456,568.9075334098313,967.5972435086007,-330.3622966560458,909.4532305696567
1290,1,Education,2208,1585.805174264355,967.0422319886605,-283.5828677747758,924.5276824164025
1206,2,Office,2207,3344.6037041232444,960.7600802461944,-235.2490805562057,931.5137153537429
1149,2,Office,1589,1690.2676503426103,942.319791896163,-449.4887102342917,828.2067915509633
1203,2,Lodging/residential,2207,3436.4455384434646,927.5086017315989,-312.2548737726338,873.3665325001539
1091,2,Lodging/residential,2207,5025.3374057937435,918.3887552845001,-327.839437323201,857.8806497226875
1275,1,Office,1804,768.1340684248114,851.3625982333556,-279.2997624004649,804.2449355723006
1288,1,Education,2208,1455.561262573021,842.4611318235683,-228.94027666393868,810.7571204463683
1156,1,Education,2207,612.0541170253222,828.2872943196362,-211.82889034814747,800.7423825083921
1303,2,Healthcare,2208,3425.8749776093855,821.3413372240868,-238.27152302636281,786.0205299785423
1273,1,Office,1264,682.9132282462301,809.8809562212339,-430.56485564235004,685.9453829099679
1321,3,Entertainment/public assembly,2208,788.9611885478531,796.7036978632622,-272.8649630779604,748.5195348910137
1263,2,Education,1943,2635.301632977857,785.2459023405847,-201.23388552097114,759.0230895439294
1235,1,Public services,2208,1778.5375905797102,781.7124934591765,-272.1558948462805,732.8066534431734
1080,2,Education,2207,1284.3635736213964,776.0534599252888,-268.61961362763833,728.0813662198409
1286,2,Healthcare,2207,4234.730012375836,745.3628457433427,-183.86265132515766,722.3297704388888
1124,2,Lodging/residential,2207,3323.8862800408015,735.7362322926754,-237.45210554210425,696.3650630824632
1169,2,Education,2189,4449.977229676436,732.6013320928494,-180.82540149949804,709.9344237017689
1117,2,Office,2207,2638.5577859398895,732.2697888045808,-360.72823281727966,637.2551966397982
1092,2,Office,2207,2011.31342461901,732.073066911728,-138.53991761943732,718.8446748245012
1191,2,Education,2207,3653.2187464048166,722.5687234724084,-139.3081601722813,709.0125504178045
1100,2,Lodging/residential,2207,4464.571270478166,714.7305483132535,-247.09666600609935,670.6586272768242
281,1,Food sales and service,2207,787.7003916821222,698.248179465611,-91.43798343393948,692.2352311985967
1108,2,Parking,2207,3921.4230166090847,691.9043421983137,-233.84962094626707,651.1881245355818
1140,2,Education,2207,4070.924898051654,676.9207559570461,-187.86025729528046,650.3308646945875
1102,2,Office,2207,2385.4631260438478,657.089407065135,-222.56359955379796,618.249086558862
1241,2,Healthcare,2208,1817.3702497620513,656.2825811704314,-192.48952212345958,627.4190069008159
1253,3,Education,2208,412.38712520585767,654.4302303407648,-285.8208171428967,588.7150302749483
1094,2,Office,2207,1962.7186167863467,643.7983345250235,-271.1567621534057,583.9095014432249
1147,2,Entertainment/public assembly,2207,3092.550548116168,637.4225744712761,-171.24687508934753,613.9886368799694
1303,1,Healthcare,2208,2526.1984326321144,617.2114163270173,-122.12911905788351,605.0077774066611
1291,1,Office,1201,1617.7540579927056,607.2488482896099,-108.99531143948691,597.3869649006973
1286,1,Healthcare,2208,1049.2131585452867,604.9659624151925,-187.08375819590913,575.3116399832656
1247,2,Food sales and service,2208,1152.4729416147954,600.3266446753837,-274.3600285409426,533.9650316698815
1298,1,Education,2208,2310.706879390532,588.3842338483419,-121.84928896771031,575.6290102308636
1090,2,Office,2207,1935.3066122092216,580.2578264803255,-166.75964785720086,555.7790613528131
1252,1,Education,2208,1778.1223743549292,579.9561105148043,-138.14208414269604,563.263574813934
1112,2,Office,2207,1737.199803264637,576.3114710032943,-243.0624326236288,522.547189693969
1232,1,Education,1569,741.4679956673208,562.9274097563658,-177.49996930119468,534.2106602765301
1251,3,Education,2208,802.4964275636535,562.5765157087811,-172.9887747682157,535.3197360748285
1235,3,Public services,2208,1974.6319172606952,554.5518692857512,-181.63605600207143,523.961944122217
1209,2,Healthcare,2207,3690.8269554037934,550.4361854353542,-141.37611870484085,531.9706639435848
1315,2,Entertainment/public assembly,2207,1525.1471538673336,549.8926620178167,-201.6990447261297,511.5656703665792
1263,1,Education,1943,849.2299024039056,542.5431079138332,-140.91914791421556,523.922530242719
1073,2,Office,2207,2962.8145739231704,518.879163725697,-111.75977570076105,506.70044314564626
1291,2,Office,1739,3962.812731435204,514.8356703617687,-213.68137421852398,468.3973076234907
1186,2,Lodging/residential,2207,2650.8552333484367,499.4659502012072,-125.3035744751333,483.49276068432454
1126,2,Education,2207,2909.9394844030976,499.23427695017034,-113.20439441030784,486.23001590621163
1322,3,Entertainment/public assembly,2208,1470.8868882396946,495.05897654705564,-155.89699245578933,469.8718101813065
1252,3,Education,2208,1235.7619133371375,484.6070586239643,-139.64160874385396,464.05196085740096
1078,1,Entertainment/public assembly,1663,509.46823052344234,479.67251685418387,-97.80996828612756,469.59443515558615
1172,2,Manufacturing/industrial,2207,1392.3859384618413,476.99148105541695,-183.70467356364512,440.19707621736285
1272,3,Public services,1739,1661.4399237498392,474.05017245436983,-189.40997926519375,434.5657899084748
1139,2,Office,2207,2346.9251403117214,473.8867585010986,-106.00381459794042,461.8786108636814
1250,1,Education,2208,2970.5260497936306,471.5999272304597,-78.87362855726718,464.9574626586664
1285,2,Healthcare,2010,1206.1565054894677,456.3396170214095,-149.79492438446002,431.053739911743
1317,3,Entertainment/public assembly,1877,1062.5736453321047,453.5214709750077,-125.18098486989751,435.903023231472
1323,3,Office,2208,1350.869512402493,451.9818020443702,-122.79104954230776,434.9826519892199
1150,2,Office,2207,1360.916770365425,448.202186707541,-156.9360055967449,419.8288821850635
1298,3,Education,2208,723.8133538122951,436.1182361000641,-151.25685398605756,409.04826118842226
1207,2,Healthcare,1282,153.34211513996357,430.31680726709357,-130.13537056258323,410.1674535419456
1298,2,Education,1739,2714.353702836917,423.69490716390874,-92.65377137320766,413.4400234700973
1129,2,Office,2207,1070.9222989966008,419.2834468205666,-158.3169267094628,388.2452311297661
1267,1,Education,1046,798.4987729265796,418.8443955462111,-114.79974688190256,402.8047241484663
1241,1,Healthcare,2208,1339.5643848750901,403.80269140833866,-125.43357473344524,383.8268254280922
1323,1,Office,1565,410.84174788301937,392.36306805956474,-150.51337923119377,362.3458290770317
1302,1,Office,1739,1581.9101002075124,388.10352867955453,-91.5944490874113,377.14029998118133
1151,2,Office,2207,2467.5927382600107,362.5239590688479,-76.01818749519364,354.464181644489
1285,1,Healthcare,2208,647.5498509443554,360.1973026451482,-84.37791325314136,350.1749057083986
1251,1,Education,2208,910.0984942118326,359.85610277938247,-73.81722275936941,352.20368017903945
1212,2,Public services,2207,2146.4476204419707,348.67034616737135,-97.30917215666746,334.816270976574
1225,1,Office,1954,492.4730293216334,347.1830885228276,-85.18358598909626,336.57072605068873
1225,2,Office,1739,741.8518481811208,344.2733106419471,-131.2572424426253,318.26977350468655
1210,2,Office,2207,1396.3692222080135,340.78984308165326,-90.9292478824564,328.435060593641
1262,3,Office,2125,457.6437969862994,333.0042660433469,-153.42417702289023,295.55517777213277
1139,1,Office,2207,915.0931452071445,331.9501016242303,-68.33577554466959,324.84010181787187
1159,1,Office,2032,286.79961116717556,327.3758419023794,-75.95855431158333,318.4418940531945
1249,1,Office,2208,1148.1080320330634,322.3157805431832,-65.38588642267287,315.61392276622206
1317,1,Entertainment/public assembly,1539,650.0550790421466,319.3899225522954,-112.75587429405587,298.82442242919893
1109,2,Office,2207,1624.6050944913823,309.58081545822495,-70.91933110422143,301.3481869457809
1324,3,Entertainment/public assembly,2099,238.2321550716043,308.8156718470377,-122.6534967826865,283.41354749785125
1211,2,Office,2207,1508.8724971990755,308.53223261366713,-86.18220713651623,296.2511868915509
1185,2,Office,2207,848.3895904606264,305.2126616238991,-101.41919485288281,287.8696158522774
212,1,Education,2207,1214.216936803696,303.6158206638932,-49.07826715395259,299.622913427152
1243,1,Healthcare,2208,427.8861131013061,302.989003875132,-69.37205441113264,294.94042540150986
1189,2,Office,2207,1555.809874824555,300.3566736758923,-62.377754011088506,293.8080108271022
1098,2,Office,2148,657.299287381341,297.3194469887211,-139.27405515440304,262.6815393561703
1265,1,Food sales and service,661,410.27603019194595,293.77957010183115,-120.13593706711198,268.09288023784524
1097,2,Office,2207,871.1713783876032,293.0905229772218,-104.42835270269809,273.85538850068707
1238,2,Office,2208,823.2098520596822,290.4212196714504,-93.6572345787491,274.90508770576434
1168,1,Office,2158,369.62844392765,290.1565624687927,-40.901680105304834,287.2592614838897
1133,2,Office,2207,2001.7923326237362,290.13695256538597,-60.32095299150218,283.7971703067633
1089,2,Office,2207,931.5447860323686,288.68526002618677,-73.52732164860237,279.16466883825046
1228,1,Office,1781,307.14163188195374,283.97442722065705,-122.50673684192228,256.1905047882225
285,1,Utility,2207,955.9715915367946,283.56557391980425,-112.7810663785337,260.1727614086239
1238,1,Office,2208,344.98451562247413,277.84568072903494,-91.76160521948529,262.2556579128926
1247,1,Food sales and service,2208,454.3994565217391,277.70004191977625,-116.30529465268192,252.17135388064668
1105,2,Food sales and service,2207,1337.4138183420905,275.59230149586534,-92.78803846630123,259.5024018412241
1164,2,Office,2207,1210.3365741436114,274.3860001561299,-62.952130038228155,267.06685755692286
1075,2,Office,1622,835.2000553984236,274.234189998155,-66.86636289774314,265.9572907005399
1306,2,Lodging/residential,1895,414.23292286220675,272.14306790414633,-94.97758919682049,255.03158031632242
1168,0,Office,2207,1474.126511221619,267.237381679733,-54.134443631132605,261.6969242841555
1198,2,Education,2207,2315.9902255253173,266.1561641473401,-70.8335832129232,256.55741502214227
1228,3,Office,2208,409.38046920645064,258.4542111826065,-95.94427849086787,239.98598855535326
1249,2,Office,2208,1114.8573521842127,254.43410585550956,-54.73998439036454,248.47585060008404
1310,2,Lodging/residential,2208,293.5997758170833,251.47040677290713,-77.79748334092538,239.13368033037463
1121,2,Education,2207,1292.3041110330435,251.2776226145629,-59.329849411844805,244.17291536039477
1295,3,Office,1739,384.0785079706737,250.93087589577914,-73.16192827251501,240.028408171346
1293,3,Office,1356,561.0225952930507,250.57430314912511,-83.69897337827184,236.18205531769976
1088,0,Education,2207,2729.788772285714,247.124138111025,-32.10297044516291,245.03007759398426
1324,1,Entertainment/public assembly,365,120.17790639171862,245.9597595370822,-76.68742350626819,233.69904233331712
1256,2,Office,2208,217.10542402751204,243.45755236115969,-101.9572420475518,221.07985117541523
1244,1,Public services,2208,615.5089639684428,241.99119668564694,-44.432925618916535,237.8769732325836
1156,0,Education,2207,1054.9068034923503,241.43129337774846,-42.95975774039394,237.5784683782163
1248,2,Office,2201,397.58498123546775,239.91096619730934,-83.42720650683282,224.93815353601704
1301,3,Education,2206,149.3201164173761,239.0168501105944,-81.70252430905117,224.6191268755162
1176,2,Education,2207,1008.8123350882347,235.38337800119132,-61.612859067126735,227.17656181223032
1275,3,Office,1738,869.9551275141357,232.91091100064287,-56.08904539211783,226.0564342153311
1309,2,Lodging/residential,2208,291.84244333833885,230.14811297728886,-69.30065578851168,219.4665646842114
1262,1,Office,2126,272.8814081293395,226.97846441688893,-68.1846492848788,216.49498126041394
1267,3,Education,2208,849.7819608026657,226.71468140856322,-70.96042316943922,215.3233965685114
1232,3,Education,2208,658.4751416116521,226.08127676440932,-53.7780354431836,219.59204586527522
1148,1,Office,2207,286.8342083903746,222.19532618688913,-42.25864869435927,218.13979368704094
1171,2,Manufacturing/industrial,2207,680.5352128788957,220.54310147503546,-72.53449465279039,208.27387424660856
169,1,Education,2207,1018.3190083263901,216.49814337141567,-41.92332200507572,212.40028520538473
1269,3,Healthcare,2072,379.0567323907807,211.8128868598266,-58.32111636916183,203.6255053409282
1292,1,Office,1739,938.486065411033,210.28906432558512,-48.68164212941974,204.57660739809228
1085,2,Education,2207,1293.650108914706,209.94628425534387,-51.73909580072455,203.47114841753142
1119,2,Office,2207,244.84576468560616,208.36133759777638,-103.07991083193059,181.07727352822545
233,1,Education,2205,58.79886981971275,205.953370976532,-34.70982924668513,203.0074352585712
1157,2,Education,2207,1343.9472183068522,204.4824561751427,-45.99766917947104,199.24178606275112
1130,1,Education,2050,197.25544289958185,203.73565121613566,-32.83322768976394,201.07261060605694
1273,3,Office,2208,851.7050436683323,203.39215975007383,-59.1071409618985,194.61427628802005
1292,2,Office,1739,1522.0536533419329,198.14016222094173,-69.40958822015813,185.58510971532493
1072,1,Healthcare,2207,157.89591863569115,193.13480850071247,-37.59584557938871,189.44024559152587
1111,2,Office,1946,317.57741334682134,191.02790520910165,-108.77895208379091,157.03120757394004
1283,1,Public services,2208,215.63268957060316,188.1978698749458,-62.84227787496865,177.3958464478587
1283,2,Public services,2208,618.801171136939,188.18783999083908,-52.961431080860876,180.5816987911147
1268,1,Office,1210,169.23143951163803,187.74379127648612,-80.28263446179962,169.7127861027031
209,1,Education,2207,1572.9779597542974,187.5356414824646,-21.435643602108403,186.30654848824526
1319,3,Entertainment/public assembly,2208,468.3836235758187,186.95711710538475,-70.54571103177048,173.13655388559195
1274,1,Office,1204,157.25415282392026,183.65837211826826,-83.6173840726487,163.5192059972756
1270,3,Entertainment/public assembly,2208,132.20339135674462,180.60623840870713,-80.19063447019313,161.82730145253808
1239,2,Office,2208,205.43982859760308,179.59330112250817,-68.32496912395665,166.08868836344715
1214,1,Office,2207,243.2524471538446,174.16320542358497,-32.72775007676915,171.06056383144067
1295,2,Office,1739,1096.9748120634222,174.1188700426731,-35.75542659983339,170.4081288366292
1268,3,Office,2208,401.79270658112955,173.20750542791484,-63.27833723283288,161.23489688528667
1260,3,Office,2208,243.0777736055678,172.20476560024775,-81.32635921361683,151.79098982645195
1151,0,Office,2207,439.0030913601432,170.8713208043394,-22.12149507671977,169.433313515938
1240,1,Public services,2208,675.975468887799,169.19280832893497,-24.895715546628107,167.35115696538554
1152,1,Office,2207,89.80360080037768,168.7698497950112,-39.83175811170437,164.00211353992154
1260,1,Office,2208,123.96286231884058,167.8631390158885,-58.18396791098158,157.45684906793153
1104,1,Public services,1168,216.49898605742683,166.51002589827976,-30.91463980041292,163.6150169472733
1243,2,Healthcare,1722,755.561793833521,166.1846298400997,-31.638365635810267,163.14516546617534
1321,0,Entertainment/public assembly,2208,437.32515987451524,163.2795791338151,-50.36752983992524,155.31687899240066
1219,2,Office,2207,254.88209747341784,162.10449846306477,-60.967596633595576,150.20259845516972
1224,3,Office,2208,313.9321088911291,161.1080026103056,-43.034113433811626,155.25415803142943
1223,3,Office,1739,234.70555370603915,160.65744943158163,-61.57484226411643,148.3892006111307
1253,1,Education,2208,1003.7290975943855,160.21003741546934,-14.373519323753492,159.56396219358484
1269,1,Healthcare,2208,157.0185658938115,159.14402354843057,-56.063518658413024,148.94194206744183
1284,0,Education,2208,1507.1392421445985,158.97998477068234,-15.139504543574454,158.25748310857682
1077,2,Entertainment/public assembly,2207,324.2026276478251,158.58858770349246,-72.12245696475566,141.23983627558937
1308,2,Lodging/residential,2208,370.27631752041805,158.1738832308789,-35.623130664617165,154.11025241036796
1159,0,Office,2207,1260.4999011601049,157.77273111892092,-38.86888695925057,152.90992221328318
1230,3,Office,2208,266.1912075523017,157.31435288651855,-63.81339842444154,143.79031888700843
1234,1,Education,483,162.06256199870296,157.08997446556583,-39.70707021526287,151.98884384227782
1143,2,Office,2207,433.170527652858,156.24754750200617,-54.43959545301111,146.4569102067368
1259,1,Education,2208,443.9814623905265,155.85137157194984,-26.36157545757549,153.6057204672161
1162,2,Office,2118,255.3706326723324,155.67592685964362,-61.417383787042006,143.04859024948237
1192,2,Office,2146,397.41479679500515,155.49936334942944,-37.67196422378867,150.8670776332579
221,1,Education,2207,690.5154721303714,154.91138805202328,-13.278393628093143,154.34125310772217
1073,1,Office,2207,162.97767354948357,151.5872004926382,-26.106905410266865,149.32216460758488
1242,3,Office,2208,142.47504865190822,150.25956492279514,-53.2554876407302,140.50547991781573
1106,2,Office,2207,328.31826502886844,148.73594247704418,-60.73498287305788,135.77055070943757
1287,1,Education,2208,202.909140512111,147.79369493131136,-50.95143134111909,138.7332977541468
1264,1,Education,902,131.97519923208029,147.48128432053528,-47.114948017240515,139.75303538087212
166,1,Lodging/residential,2207,796.9848314609646,146.55146481874445,-14.795070466195316,145.8027356753638
1233,1,Education,483,151.87489158914696,146.47518273724842,-36.90094690037248,141.75083518542743
1204,2,Office,2207,410.5612239379606,146.2535767900401,-59.291611985850565,133.69597403063227
1220,1,Public services,2207,185.72842921916856,144.4113215633334,-44.00285048793092,137.54409818165692
1318,3,Entertainment/public assembly,2208,360.4290879912998,144.31040450917604,-55.02247422104469,133.40922074653042
1287,2,Education,2208,574.9773289587187,144.2506779770087,-51.9491925419376,134.57168903995876
602,0,Entertainment/public assembly,1618,544.7679361029815,143.02069895940525,-42.55884308591531,136.5418075390291
1237,1,Office,1451,81.38765055738097,142.98007034759098,-53.159332006905615,132.73050115622124
1140,1,Education,2207,215.41841315013227,141.59537336833316,-16.24190164255356,140.66076350692572
168,1,Education,2207,520.0860327602405,141.44868888137268,-24.400826898209047,139.32814228626964
285,0,Utility,2207,379.717362934937,141.32660509400685,-44.432803820001986,134.16011051013106
1307,2,Lodging/residential,1636,70.69066159576542,140.2754439661239,-44.83963905391587,132.91578893949247
1116,2,Services,2207,122.98802042354487,139.21369521413573,-67.79359617637715,121.59145221868425
1237,3,Office,2029,116.9441038338406,139.06789912889155,-57.80128148178733,126.48672826501105
1195,0,Office,2207,196.17929847417022,138.9063560036073,-26.057862999345257,136.4403295001454
1184,2,Lodging/residential,2207,675.6060670781686,137.02303758096488,-39.57826937219546,131.18259572602017
1191,1,Education,2207,260.96307795221685,136.41693116006937,-18.729214413709684,135.1251110437153
1301,1,Education,2208,356.5674828688304,133.5828340532579,-25.095022827958225,131.2044716576554
1293,1,Office,1201,350.53082219588816,132.57047707124627,-15.272981629759423,131.68776489497748
1319,1,Entertainment/public assembly,1896,105.27109391540918,130.3742194045494,-53.54929072031631,118.86930027848499
254,1,Entertainment/public assembly,2113,426.91427818447056,129.27583854983018,-33.849021198537535,124.76572524801318
217,1,Education,2207,328.30019486344776,129.18037285380828,-33.12883546234335,124.86011769799798
1163,2,Parking,2207,308.57605261925823,127.78452973595341,-52.350474277614694,116.56892331469638
1092,1,Office,2195,207.66308135323752,127.52340849176072,-14.893796991057526,126.65067913179793
1245,2,Healthcare,2208,428.1309567836748,127.27242991754842,-51.523491795441835,116.37697886748182
1249,3,Office,2208,646.3228226053542,126.47583753281515,-27.16386086721394,123.52433825936367
1244,3,Public services,2208,474.1238021349561,126.07317758163396,-25.428362074541024,123.48216271079906
1145,2,Manufacturing/industrial,2207,573.6064497857382,125.50956463214025,-37.77593100750165,119.6897232458404
1229,3,Office,2208,190.91514929381293,125.41634355788725,-50.38117467522066,114.8520634110459
1245,1,Healthcare,2208,160.00398108548234,125.0603142943641,-49.907679052068,114.67042244206178
1179,0,Entertainment/public assembly,2207,797.9311282283643,124.54436569369754,-29.221263038415987,121.06781906223127
1076,2,Lodging/residential,2207,768.5860981500467,123.42062339437341,-38.40806042066802,117.29224686132527
1301,2,Education,2208,806.2461616228996,122.5258063609644,-22.887014218534897,120.3692560605287
1212,1,Public services,2207,941.1439951942904,122.18017488230699,-13.378426924642925,121.44551382119106
1107,1,Education,2207,142.58419891217605,121.57854420252374,-19.83586752916635,119.94949257821136
1239,1,Office,2208,193.31074600777862,120.99814036320349,-49.087845884755,110.5935502538373
284,1,Entertainment/public assembly,2207,276.5061198815494,119.66535419480822,-43.21162335928911,111.59100591545827
1240,3,Public services,2207,429.0925013071604,119.15705526399626,-20.33832838386134,117.40850147130436
1307,1,Lodging/residential,1854,255.289644012945,118.94360032671297,-21.663870552170437,116.95407975517415
1164,0,Office,2207,406.2134355442201,118.87123617493155,-18.940825260695036,117.3525284269588
1220,0,Public services,2207,395.1990585707408,117.76945220408479,-32.645755408055685,113.15431289300295
1299,1,Education,2208,243.07231344692948,117.10957661745576,-24.172563617991653,114.58769612682632
1248,1,Office,2208,166.9449587365194,116.53204573464224,-48.09846873072734,106.14261627103411
232,3,Entertainment/public assembly,2207,187.47380904109974,116.44504219332997,-44.76778067177803,107.49555183880854
1265,3,Food sales and service,2207,218.27996178001746,116.42908382462856,-37.4152257486721,110.25349174705664
1144,1,Office,1163,91.41854649291454,115.51053411004638,-34.382907547001736,110.27465329350403
1083,1,Education,1566,107.00699552060087,115.02621882906955,-48.76800765555859,104.1763526306252
1259,3,Education,2207,666.2141538038546,112.85024296155125,-19.47148797546739,111.15771899648884
1276,3,Office,1738,410.41800912038366,111.36672396374513,-26.672276713486546,108.12556062900302
1187,2,Office,2207,344.1681014952424,110.95416989185802,-33.433526265166236,105.7971036364783
1130,0,Education,2207,959.390620187985,110.76335912551332,-6.934174558922216,110.54609422297031
201,1,Education,2207,488.7039903217262,110.7443427217495,-17.863800085370233,109.2940716204783
1254,1,Education,1371,133.72372810758873,110.61043448165033,-37.92715515336677,103.90475984377186
1229,1,Office,2208,169.8781534426616,110.57306904621504,-35.50361662207359,104.71817800674275
1295,1,Office,1739,227.32593600464799,109.6996675054363,-17.955598855389052,108.22020846656888
1246,1,Office,2208,152.65846734310406,105.40688149973882,-25.737942732131344,102.21628525542057
1158,1,Public services,316,99.95366641652735,105.31260675228381,-43.83918591386582,95.75422141801731
1271,1,Public services,1746,106.59686721660697,104.94979069529504,-34.02143187849531,99.28242916006407
1236,1,Office,2205,198.13452734125445,103.91063179962686,-29.899022748931802,99.51616873481656
1271,3,Public services,2208,258.90004914178365,103.36403360832007,-31.63128735153565,98.40520872528295
1291,0,Office,1739,530.2596577476537,103.33143967028417,-20.16598859339304,101.34455746799982
1147,0,Entertainment/public assembly,2207,330.7412303584055,101.94338366908563,-22.795520720621088,99.36205366727346
1227,3,Education,2208,165.91557109528694,101.77977284780245,-26.549732669635134,98.25596091902604
1318,1,Entertainment/public assembly,1896,81.0078770217136,100.19109536020234,-40.94248307564498,91.44380060494906
1189,1,Office,1513,94.2887695339525,99.23155534732551,-24.627316540266893,96.12698297915536
1234,3,Education,1447,141.33924255226097,97.93452620803798,-36.09258788174856,91.04118037235202
1179,1,Entertainment/public assembly,2207,122.39944392412995,97.27668663250364,-18.18927970266849,95.56099552692199
1312,3,Lodging/residential,2208,225.6123596697614,96.54525188481534,-28.998029429275253,92.08745816190893
234,1,Education,2207,612.4598098326227,95.7687563075101,-10.303861090590855,95.2128412101701
1212,0,Public services,2206,994.5487654989455,95.04618318658683,-8.966476932550592,94.62229774084045
1227,1,Education,2208,92.00220205863951,94.69987398663467,-19.37036742373301,92.6976536863478
1152,0,Office,2166,425.82296945954073,93.34205067011582,-12.11292684814123,92.55277103617183
1164,1,Office,2207,102.66877435287525,93.21316595643621,-13.383306905537928,92.24739239617725
1274,3,Office,2208,183.83106884057972,92.84109343512242,-39.377671150854766,84.07655823690853
1233,3,Education,1447,132.66127011721596,91.77178711995256,-33.91114746207553,85.2765793696913
1139,0,Office,2207,1033.2323477312511,91.76606811059246,-8.104324755917427,91.40750065901878
1250,0,Education,1739,602.1007236088055,90.74767942397492,-15.561690800333142,89.40344009193018
1258,0,Education,2208,932.8797378263612,90.16740048478353,-9.169414524683365,89.6999551140237
259,1,Education,924,218.82170030113423,90.15406936898381,-9.921396879891358,89.6064847415589
246,1,Office,2207,552.8355568538816,89.06436899057874,-15.361613713009676,87.7295996105205
1218,0,Entertainment/public assembly,2207,261.18445819116687,88.84660564439663,-26.113389141593224,84.92237774621394
1254,2,Education,2208,214.4714586748809,88.63945910646589,-21.433581143200968,86.00904202503746
1099,0,Education,2205,511.40372479843177,88.32301087763949,-24.05864484320974,84.98315044054274
249,1,Entertainment/public assembly,2207,655.1233362458008,88.23042522468563,-7.271176493529367,87.93030153325296
268,1,Entertainment/public assembly,2207,403.0527040200248,86.84479760042511,-20.87953154322594,84.2974734662566
1151,1,Office,2207,134.30119634938552,86.39930185651308,-12.76010816181475,85.4518519459447
1314,0,Education,1741,472.4091637713823,85.35770907428692,-7.806951662325842,84.99994120087796
1241,0,Healthcare,1019,330.3130520117763,84.77211303665365,-15.188187369223526,83.40042034148594
223,0,Education,2207,2387.7572881286374,84.64734057999496,-30.500176186801838,78.96145591261414
1308,1,Lodging/residential,1854,210.60647261412785,83.17926488061691,-12.013105313530666,82.30720142737118
220,1,Education,2207,629.6170834851146,82.59335502247275,-1.1335483925108467,82.58557599187682
1223,1,Office,1739,70.52970757955377,82.07406919883543,-8.31453906632048,81.65182958740029
1293,2,Office,1739,488.10814142424255,81.71654893520059,-21.736217379261422,78.77265530576284
265,1,Office,1996,122.81400785465279,81.66469707622856,-20.255868776844785,79.11272039721185
250,1,Education,2207,185.67388322232372,81.22302856647201,-16.260740499864717,79.57869493718772
1219,1,Office,540,59.00324915595077,78.85711636451322,-32.08188430749145,72.03608471181032
1232,2,Education,903,28.089456923644278,78.41784839216447,-21.039179567483135,75.54278171727391
175,1,Education,1986,208.3841082021549,78.30451387566231,-15.298966279526425,76.79543296369717
1236,3,Office,2196,134.87917201641696,78.03150054724564,-16.702412388711043,76.22299192535169
216,1,Education,2207,241.9540852510894,77.17140936550288,-29.05552222757334,71.4926783072296
1094,0,Office,2207,823.7196595261526,77.06747585430684,-22.315927898931477,73.76581319665539
1226,2,Education,1739,169.1312798579031,76.98842605597109,-23.053716167205426,73.4557276014448
1174,2,Other,2207,389.5395231398188,76.52531595024337,-26.685456478267145,71.72175676760213
645,0,Education,2208,1560.4355038076208,75.48260071601766,-10.643935802281288,74.72837239958237
1272,0,Public services,1739,362.5868495965292,75.25102201200028,-24.8767779748366,71.02015369908203
1311,3,Lodging/residential,2208,98.13612536860603,74.7792391289475,-21.887715750100828,71.50428311609802
1230,1,Office,1870,91.96317396877922,73.51290422871045,-30.873589924474565,66.71557938978675
1200,0,Entertainment/public assembly,2144,636.3510754855711,73.06854039701591,-14.44866817290861,71.62574665425501
1224,1,Office,2208,353.65416969769245,72.05344365879637,-10.621029925478858,71.26634876583354
200,1,Entertainment/public assembly,2207,279.950276123759,71.41410475704474,-22.92857379588723,67.63323784898009
1290,0,Education,2208,679.0271739130435,70.50975003689288,-11.931126170529819,69.49297143285797
249,3,Entertainment/public assembly,2206,151.42969959947268,70.14772610554076,-14.739132862121389,68.58178650524275
1294,1,Office,1739,274.08678704229425,69.70649686792446,-22.61025483688164,65.9376378240018
620,0,Education,2208,1287.4557435132456,69.26690207527022,-4.901238971835171,69.09328172583814
1306,1,Lodging/residential,2208,193.23257464602375,68.71732814705388,-7.352774274594305,68.32282121031558
1169,1,Education,2207,185.8736648006465,68.5434500361809,-5.3758863715925935,68.33230852665635
254,0,Entertainment/public assembly,2207,294.3642773685422,68.22326975519451,-11.989646756108062,67.16146891450325
1226,1,Education,1739,108.8150875219468,66.7264534217371,-8.372760322372024,66.1990669936319
1299,2,Education,1739,403.0026204228196,66.20825749259792,-15.672853944463021,64.32647207364693
203,1,Lodging/residential,2207,648.6863551898191,66.00187766032326,2.7337477467992226,65.94523847818847
1300,1,Healthcare,1201,174.40390428456539,65.51910072403876,-0.7164695159068873,65.51518321060786
644,0,Entertainment/public assembly,2157,284.71375932193877,65.0219660071196,-11.483658783802731,63.99985659646596
1090,0,Office,2207,338.8299150626801,64.79590987086141,-15.417194714708243,62.93504622324168
247,1,Education,2207,277.6823751106487,63.43868034139433,-6.835229546666318,63.06937291984114
212,3,Education,2115,302.2511482076442,62.60672223614714,-21.140439539092785,58.929478915463385
1093,2,Office,2207,104.48687414319255,62.38179590664,-18.125036956594215,59.690631558560185
1322,1,Entertainment/public assembly,1565,170.55474362569495,61.81521308922139,-9.158124216314578,61.13304613794735
1231,3,Education,1739,96.67153899012591,61.50673643954072,-22.530574188826,57.23156344330402
177,0,Entertainment/public assembly,2207,366.14452767728625,61.31776990917222,-6.111964006771956,61.012398761351044
1298,0,Education,1739,456.47991248422,61.059747338835855,-6.937964246802989,60.664300846482654
290,1,Office,2066,98.48699154215076,60.80507010929403,-25.85477197390089,55.03441938617824
1312,1,Lodging/residential,2208,173.23187903217647,60.49772654654015,-7.282250234728719,60.05783669779276
1217,1,Education,365,57.8909781601331,60.28870963714244,-23.636672362073824,55.46202511051726
1148,0,Office,2207,949.9201270217101,59.69354930044545,-9.785569872764963,58.886012348858756
1078,2,Entertainment/public assembly,1958,377.4020020404071,59.44491567250809,-19.612261687057188,56.11646096137912
1319,0,Entertainment/public assembly,2144,162.05930335486113,59.34260581382541,-7.352055731161093,58.885415353047875
258,0,Education,469,106.3510327207,59.26001414380057,-13.481292909410465,57.70618699770521
284,0,Entertainment/public assembly,2207,246.3735031746716,59.21499510595507,-9.830603907947095,58.393277628536474
219,1,Education,2207,355.6844435027675,59.16793322084763,-5.253955033684648,58.934202956608345
1303,0,Healthcare,2208,575.3655183902686,58.881553625840255,-10.684734132146094,57.904005163011426
177,1,Entertainment/public assembly,2207,323.5981870822754,58.58626621619376,-18.45410537757778,55.603925975312045
1288,0,Education,2207,647.9703293849183,58.45185696820948,-8.483890020002873,57.83289023696217
1311,1,Lodging/residential,2076,99.8219159092747,58.342188316708544,-12.373313471250697,57.01501601617287
273,1,Office,2207,133.58041129176522,56.97822402795,-16.18906665359473,54.629956381684266
1266,1,Public services,2208,79.6465725504061,56.955723506624665,-10.706048939826507,55.94045902798007
1149,0,Office,2207,376.173125778219,56.36559967791655,-11.308747093590464,55.21949896752374
1297,2,Office,1739,340.61899209091075,55.80923119632272,-13.033259106334677,54.26605240656211
1310,1,Lodging/residential,1851,136.54231472623343,55.4677328924923,-9.434493176735133,54.65948893587471
183,1,Education,2207,132.28584056738873,55.108795725938656,-15.118510233768449,52.99443380841684
1167,2,Office,2207,198.13988598753113,54.80549218083944,-17.10999502306143,52.066208268846175
1309,1,Lodging/residential,2208,125.78662670112175,53.85533075097818,-7.038760664984999,53.393375044084976
1300,3,Healthcare,1739,85.02945812303592,53.364473355709094,-11.794251911658488,52.04481375100238
1183,0,Entertainment/public assembly,2207,297.68712726933524,53.092716432203645,-12.69405862236366,51.552860384680706
198,1,Office,2207,200.49927276002913,52.73486730541949,-9.09068789848539,51.94541003065172
1235,0,Public services,2208,302.19067028985506,52.02509252513199,-4.303552223086859,51.846790551698646
172,1,Office,2207,129.2270128459589,50.957863043500744,-7.947114850485751,50.33435379056105
229,1,Education,2207,291.1931519795717,50.34051615449336,0.3624217199483509,50.339211527374125
1122,1,Office,891,30.375054410143466,50.30224316222335,-14.346836833620054,48.21290221528806
1208,1,Healthcare,1140,55.95421448987827,49.541187071027885,-7.879703866351481,48.9105252822456
1297,1,Office,1739,341.7210024569897,48.581479951996855,-4.7159559666606325,48.352041876706615
210,1,Education,2207,191.17547903592413,48.56545511859119,-2.9060637681140915,48.478430505241704
162,1,Education,1714,37.04416963934481,48.40750008471079,-12.40455767600811,46.79116383799257
1263,0,Education,2208,476.45943567027217,48.148935203264806,-5.976481217739458,47.7765803868611
1270,1,Entertainment/public assembly,1288,32.365608823410476,47.92741459756763,-17.383048143165475,44.66393071886453
224,1,Education,2207,118.59794624471859,47.53503523792201,-7.46017576242759,46.945983349634666
260,1,Education,1474,243.18450526595925,47.43605959920822,0.8372995586308289,47.428669386234645
1079,2,Education,2207,112.85194834617127,47.23354061752009,-13.422708211414887,45.2861818167323
653,0,Education,2208,996.7314486019853,46.6726682685767,-1.0725469689755314,46.66034297246376
229,0,Education,2207,295.40879858766255,46.65205077548561,-6.139897194646918,46.24624853972109
1313,0,Healthcare,2208,315.7817984715752,46.623400305309055,-6.037278195212926,46.23086337094192
1155,2,Warehouse/storage,1789,160.3199454664251,46.53701036939532,-19.697996289502388,42.16256961215668
1090,1,Office,2207,25.469947866632975,46.42382581728487,-11.00580374771126,45.100375690014715
1251,0,Education,2208,312.9508306116298,46.346145138975494,-6.055950885883224,45.948782661902506
1086,0,Office,2207,244.21082033849595,45.757314448806085,-1.997097801084585,45.71371157475426
257,1,Education,2207,93.608750108037,45.7205906294804,-9.180434481758248,44.78941873070776
1317,0,Entertainment/public assembly,1877,397.146907881593,45.57831207719898,-5.089184429307814,45.293296784966245
583,0,Education,1897,518.6586141390239,45.53139503147231,-1.0963266461760364,45.51819417987565
163,1,Education,1367,172.343727579061,45.53137615458838,-3.8852826475982893,45.36530384863404
1297,3,Office,1739,71.28343285204625,45.435862644960196,-10.889221996067384,44.11170432676629
254,3,Entertainment/public assembly,1899,97.50669738504371,45.30357897606588,-12.453187008740619,43.5583792325423
1286,0,Healthcare,2208,366.40315792526025,44.83196933277717,-4.839139356074147,44.570037071417914
1094,1,Office,787,28.935689944418897,44.72814268793921,-16.825975822570136,41.44265056594396
1249,0,Office,2208,362.61527131951374,44.377620144637156,-4.342028718313456,44.16469128513236
1282,0,Healthcare,2208,550.5982789855072,44.11458568992099,-15.327178813486523,41.36634211787153
1318,0,Entertainment/public assembly,2204,230.1695946660535,43.68006145786737,-4.945122154729067,43.39923427709155
244,1,Education,2207,58.06714859448194,43.07881518392894,-12.704239875857969,41.16292757843843
206,1,Public services,1873,237.44584337155322,42.87195890005054,-5.563920352096034,42.50938308471618
1092,0,Office,2206,659.380674803138,42.76229727159382,-5.4599985340991495,42.41229166116582
1098,1,Office,168,28.47968167785023,42.72779846760993,-15.747099287563877,39.720191665150544
1187,1,Office,2207,23.632440513731616,42.497639912679446,-7.9083927447405555,41.755319689145
194,1,Office,2207,122.04037157831334,42.31350897990716,-10.72139482711189,40.93268541341824
239,1,Lodging/residential,2207,288.17627425079274,42.1766374922118,-0.521942608574427,42.17340780708622
1266,3,Public services,2208,148.7450954007066,42.07998960162881,-7.194078987238629,41.460472168060996
171,1,Office,1944,75.2692898553662,41.9359344885736,-15.928396641850942,38.79315380128056
1255,1,Office,2208,113.19150502213101,41.12342869762791,-6.130134843659288,40.663962357933606
169,3,Education,2195,205.73316063500755,41.01176688477951,-4.694434814758019,40.742205448177266
1093,1,Office,254,21.795085975386964,40.917789521154,-14.105418049239256,38.40966910757831
1073,0,Office,2207,370.3787733664813,40.78778171729416,-7.9076159242330295,40.013906930121834
1154,0,Lodging/residential,2207,316.84039307332006,40.43726406278257,-4.070540499336917,40.23186578977496
1176,1,Education,2207,53.1767275083859,40.01270982119276,-6.118713992739875,39.542107762612055
1171,0,Manufacturing/industrial,2207,172.40892159134,39.64155960392582,-16.59440233636759,36.001098023954235
1289,0,Education,2204,692.8296450633968,39.482591298401786,-10.983970885502819,37.92396866393415
1267,0,Education,2206,203.6980559970721,39.41936508394361,-3.651014569785024,39.249922754477495
1191,0,Education,2207,457.8331094352055,38.92327623392568,-2.7919606464072135,38.823013645663785
1324,0,Entertainment/public assembly,2208,34.27211330593496,38.7595986676255,-12.123003892835245,36.81493264274291
225,1,Lodging/residential,2207,226.53150815903248,38.35899289347334,-2.936842041078279,38.24640237495932
1201,1,Education,993,25.695996053059176,38.21326203207096,-11.040829698221943,36.58351370093606
1158,0,Public services,2207,255.1354452598997,37.87055114285845,-8.901112422400539,36.80962973880129
248,1,Education,2207,97.83356976009463,37.78260275781417,-14.368566498128294,34.94380299772267
224,0,Education,2207,419.07009520917444,37.69573045875978,-2.919633805983075,37.58249370728918
202,1,Lodging/residential,2207,374.2868256562427,37.60693862974421,1.7379614133751453,37.566758220892126
209,3,Education,2203,221.24665410184232,37.60545111142781,-4.52067614786733,37.332739525249025
190,1,Education,2047,205.67671747943163,37.57207094021854,0.614057498725551,37.567052694150405
271,1,Education,2207,100.88411972646428,37.55867268363713,-5.014049208147717,37.22248251117681
1211,1,Office,522,17.992162442926702,37.54329915393075,-12.017104958089154,35.568082599260336
181,1,Education,2207,111.41438003055208,37.540210899126926,-10.799127856603606,35.95339026973195
1197,0,Services,2207,254.4509410296407,36.91156099219765,-4.877064310783656,36.58794307677336
1074,1,Office,1259,28.740417367272002,36.741644206948735,-11.318346326081679,34.954877420367005
263,1,Education,1151,69.22642352819753,36.42194036922492,-10.297016564963076,34.93607290638505
236,1,Entertainment/public assembly,2207,118.29544016177373,35.99132785485964,-8.732399073650091,34.91591166179841
269,0,Entertainment/public assembly,2207,121.22890802935663,35.867728790842875,-2.8292446608703177,35.755969337474205
228,1,Lodging/residential,1773,82.51015112716736,35.64859525486662,-5.69572790226039,35.19063834755931
166,0,Lodging/residential,2207,363.1205529099306,35.29401711034211,-3.8218583261380252,35.086479485979375
191,1,Education,2207,101.04336955187328,34.9930919922214,-6.373762731739484,34.40772639706899
240,1,Lodging/residential,2207,153.94177206209682,34.85550660388973,-3.4565913320427053,34.68368949487709
1304,0,Office,2208,318.2034096579621,34.61408164783136,-3.7284727510825255,34.412688637582086
221,3,Education,1766,60.70685087068435,34.509858708282565,-7.514210208174474,33.6818496079564
597,0,Public services,2208,190.9325722766959,34.18978663659655,-2.7379049464363074,34.07998513439047
245,1,Education,2207,61.19452696526191,34.13573115247065,-8.99098890874093,32.93038505327037
1265,0,Food sales and service,2184,101.31598713808444,34.09666191025633,-7.590671443386069,33.240999691057546
264,1,Office,2207,125.06174610208807,34.05985967689275,-2.3690014238704427,33.977372962948806
212,0,Education,2207,930.8858122037016,33.62613649310643,-2.392253989559129,33.54093284782733
1119,1,Office,2207,22.779736972632968,33.53351257854494,-6.363756980386506,32.92414103587235
1169,0,Education,2207,514.8151336656094,33.44825980870571,-2.759512305621615,33.33423429547768
237,1,Public services,2207,162.4146478281242,33.351312007116846,0.7439842691326313,33.34301276134686
1273,0,Office,2208,149.2576394841291,33.282476313278295,-9.498168501489507,31.898401600413198
197,1,Public services,2207,165.52470127359797,33.179763399696625,-6.5428380554199075,32.5282641627308
1225,0,Office,1739,183.53935756321403,33.11822651248498,-1.6253288873577574,33.07831968737504
245,0,Education,2164,100.11988238926956,32.92349843083043,-2.3781733745363582,32.837494428252896
267,1,Entertainment/public assembly,1637,127.42597156454494,32.874164489184025,-12.251958686515739,30.505740430381945
1157,1,Education,1163,41.259069671096825,32.84516067078616,-6.540697972441947,32.18732436104392
648,0,Education,2208,1015.5277021656866,32.84095899752904,-5.283003153436185,32.41324521793779
1294,3,Office,1739,51.95930742734616,32.77718565891271,-7.271941073614327,31.96033123640482
1285,0,Healthcare,2208,223.49592391304347,32.21903234480508,-2.5759286965766686,32.1158938313376
569,0,Education,2208,313.50373096051425,31.975310027895816,-2.017828411637725,31.911578147770165
1181,0,Education,2207,190.24840790403337,31.696532523217577,-6.193377056433197,31.085563444020707
1278,0,Education,1739,145.32476518399554,31.644544745273215,-1.2814043969811029,31.618589704586704
1275,0,Office,1739,174.3353286795811,31.606560630672963,-4.1061559957285345,31.338700640568184
259,0,Education,2171,220.7020088838905,31.0962568500883,-3.056598092394029,30.945668488307643
209,0,Education,2207,972.8233255127949,30.943432291441233,-4.681190584519351,30.58729240528516
1214,0,Office,2176,281.14425783998826,30.624908715664713,-4.299086334177476,30.321657120515113
1097,1,Office,1879,21.19659333647154,30.521680416911927,-7.3652637297120975,29.619687129743493
1189,0,Office,2199,266.8336848128433,30.500708279450475,-4.08003327885672,30.22658654217443
1280,0,Lodging/residential,1739,114.68954754478976,30.395651119345313,-3.4756198421873488,30.1962857597015
273,0,Office,2207,177.70111916407666,30.352088358744716,-3.572087604080986,30.14115886766495
181,0,Education,2205,174.81678577518247,30.30206426357982,-3.3127654774573188,30.120436310343983
280,0,Entertainment/public assembly,2207,52.121531489968135,30.159674506483935,-10.597747928375568,28.236389733527698
617,0,Education,2208,638.8748147107552,29.144949195961804,-2.6861377100934414,29.020901568311217
655,0,Education,2208,141.38213140031567,29.01691769433599,-3.9492199116805584,28.746915914042933
615,0,Education,2206,798.6120464362995,28.805308671539102,-1.6435417227888398,28.758382747785003
221,0,Education,2207,361.4291527198892,28.48807478779881,0.6132292740315983,28.481473890455334
213,1,Education,2207,130.3008389055972,28.391004643315647,-1.1974524405872065,28.365740820738356
1083,0,Education,2207,203.61474180718488,28.071228553736034,-4.337439407994221,27.734103408945167
1247,0,Food sales and service,2208,206.1965654172759,27.85920422342126,-7.885599384491308,26.719891135811224
1080,0,Education,2207,446.37598752781014,27.808721778869725,-4.102637170896954,27.504424648019054
1185,1,Office,633,50.80168310118513,27.722800639877562,-5.1899802442849685,27.2326601782185
595,0,Education,2208,231.223265433657,27.695572904276574,-5.707809887647698,27.101027006048497
1243,0,Healthcare,2208,178.19929502062175,27.443921412265905,-3.8602913096991265,27.171068685034978
1180,1,Education,2207,26.197943322303125,27.382203678646604,-5.168330916277159,26.890024801750208
168,3,Education,2206,96.20148859171033,27.2647240012287,-3.1187001979983346,27.08576902984631
1161,1,Office,1224,15.831083493952463,27.257955220439072,-7.45541367812746,26.2185607859671
1222,0,Lodging/residential,2207,348.80316180776674,27.144342711238668,-5.758235577347783,26.526553946205336
649,0,Education,2204,406.0778692006632,26.788370331621046,-0.5195020636748471,26.783332552725998
250,3,Education,1429,20.665905351985828,26.64697448115037,-6.883708111800441,25.74249039294007
1253,0,Education,2208,272.00401295440787,26.591810345359086,-2.926926400096925,26.430237972669904
194,0,Office,2207,132.00746342235956,26.49712418140039,-3.0251625646290887,26.323867142616415
641,0,Education,2206,405.1936743659316,26.403732639215576,-0.19818686101528107,26.402988831783777
1193,1,Office,2207,45.36969949321937,26.361195467318918,-10.290323610843394,24.269772690536563
179,1,Food sales and service,2207,87.55114739757887,26.302683847905897,-4.801136888541065,25.860786186432538
1150,1,Office,275,29.699636481025003,26.257007743091272,-8.651653185004315,24.79071101818501
599,0,Education,2208,88.68442323587942,26.055047440313448,-3.9944628387392,25.7470340767032
640,0,Entertainment/public assembly,2208,260.3232404805612,26.045981633701086,-6.507240725823786,25.220011447247096
1172,0,Manufacturing/industrial,2207,247.26069939444386,25.90334593141055,-8.766734346520217,24.374734856811596
1279,0,Office,1739,117.6863145263391,25.82501654867482,-1.6940863474365127,25.76939175042278
1294,2,Office,1739,148.40208665515036,25.293434231563097,-5.562029453860451,24.674311410468917
1150,0,Office,2207,141.2545665037486,25.112264017905506,-8.066081241962527,23.781592408900035
1206,1,Office,2207,36.920655546378214,25.03676645782963,-4.5760144264271725,24.615031314890363
1107,0,Education,2206,614.0342105094239,25.03326030248969,-4.138445790712394,24.688810984118717
1228,0,Office,2208,128.23568159946498,24.982432858823614,-4.393863151097771,24.593005472187716
192,0,Education,2207,671.2560173833214,24.85716324497731,-5.029936742452324,24.342931231763753
1242,1,Office,2208,21.467429101044495,24.77684900982573,-6.698112181589625,23.85429814642516
1302,0,Office,1739,141.65642093967747,24.716616364581167,-1.8001224982752106,24.65097733366945
174,1,Education,2207,183.83343993078057,24.664254327634115,3.1668519365605046,24.460099966069663
176,1,Education,2207,58.67782280285217,24.631161494744212,-6.413568571877793,23.781510775263868
165,0,Warehouse/storage,2200,16.977720844637265,24.61405684592917,-6.190475856435545,23.8228840211575
1295,0,Office,1739,155.91301374726078,24.455466863643732,-1.4025407060782518,24.415215319275195
609,0,Education,2208,498.87278671541077,24.384905064535488,-0.2324141489824909,24.383797462039443
267,0,Entertainment/public assembly,2207,105.30063448094867,24.10732141042377,-6.254212919270422,23.281919301163878
184,1,Education,1074,38.70336078465318,24.078429795004848,-1.426040807555427,24.03616419082221
1218,1,Entertainment/public assembly,736,26.90997681169487,24.00903375691326,-6.001964064073498,23.246722980114225
168,0,Education,2207,432.14137286042325,24.008959286109743,-0.6152469743600304,24.00107491681604
1296,2,Office,1739,140.18861953796772,23.995196207095553,-6.325296474988226,23.146491430031343
207,1,Public services,2207,154.3595748980444,23.8212679085974,3.2308623033261887,23.60115110646339
572,0,Education,2204,377.9898733149423,23.805626558454723,0.1832956021908332,23.804920889656874
650,0,Education,2207,109.85173792940597,23.435319380442383,-6.349318172944023,22.558819853929883
237,0,Public services,2207,144.7850424036701,23.3720022895164,0.3720405186577984,23.36904099174026
217,0,Education,2207,258.2353059140384,23.35753954800891,0.3558435348700376,23.35482881794451
284,3,Entertainment/public assembly,1638,17.95282932981321,23.090857603444306,-6.769773283606705,22.076183423569997
1323,0,Office,2208,175.49139492753622,23.020709335743597,-3.0684246684335497,22.815298121544256
203,0,Lodging/residential,2207,349.0420738050826,22.99567407220991,-0.9191686307421237,22.977296513375258
584,0,Education,2208,136.6337148901345,22.925942324815207,-3.6177917504938275,22.63869285826397
1201,0,Education,2207,66.93329861783096,22.86134211986309,-3.5182511161859447,22.588998928790147
1252,0,Education,2208,469.7735715638036,22.83000945401622,-3.0998095731711746,22.618587760524445
1144,0,Office,2206,448.2117891285707,22.708744651937423,-1.144839208252238,22.67986831650803
222,1,Entertainment/public assembly,2198,25.718007924057225,22.664999651376835,-3.9087398357638237,22.325410681401248
278,0,Office,2003,134.8155167332543,22.635895142093656,-3.208693879724844,22.40732095700143
166,3,Lodging/residential,2135,107.10004377141769,22.565714312998228,-4.410672777581909,22.130463802300913
1320,0,Entertainment/public assembly,2208,105.48662124509397,22.416184957202617,-3.2999575258994622,22.171955898449202
216,0,Education,2207,148.58900745583705,22.377775020810294,-1.7109046297001735,22.31227510206146
586,0,Public services,2208,117.73235745015351,22.33894016717919,-1.4478376119447378,22.291971963966084
197,0,Public services,2207,116.22429648469787,22.290388221135878,-2.3273399133051913,22.168556470300217
200,0,Entertainment/public assembly,2207,157.27218271004003,22.075436153393817,-5.450867709454375,21.39188917736333
1175,0,Manufacturing/industrial,2207,85.14634984340071,21.84200642917542,-3.620197726094588,21.539902814918175
162,0,Education,2207,83.34755774888184,21.79404594953544,-4.126822293011069,21.399761134469912
592,0,Education,2207,399.72879394752493,21.25570406279227,-1.091087813859797,21.227681988089287
211,0,Education,2207,184.14318094223293,21.14214019017119,-0.13152022683221165,21.14173110818473
1129,1,Office,2207,21.8652897279188,21.077799143826546,-4.390483296333108,20.615461992691674
1257,0,Office,2208,179.10276287880498,20.857876918599647,-0.5363071316465219,20.850980893281662
170,0,Retail,2207,63.16908451783803,20.76941528069402,-2.816519540217508,20.5775564336852
169,0,Education,2207,516.4115268135157,20.74829435559053,-1.3762338023787237,20.702601266203725
201,0,Education,2207,546.0632367430092,20.719291339317067,-2.764306904289243,20.534060507907295
1089,0,Office,2207,218.94389948911888,20.30334011130484,-0.5007964321339535,20.2971629201936
1084,1,Office,302,22.20248408610655,20.156842015282894,-6.713919146428821,19.005829887807852
1292,0,Office,1739,90.3847241349574,20.081644509482224,-2.6945008898831797,19.90005304414127
183,0,Education,2207,212.52864638010084,19.903228084871937,-0.93899094429677,19.88106597255197
1186,0,Lodging/residential,2207,178.1310357844392,19.845018891414288,-3.8706674685511873,19.463882144846888
1296,1,Office,1739,140.6421779349592,19.790850437907217,-1.0797777629078427,19.76137244824716
1167,0,Office,2207,56.42837608157643,19.718138677328334,-2.167250889817525,19.59867384490432
215,1,Lodging/residential,2138,54.192157156333344,19.67873724824349,-1.9597643383618877,19.580909667926328
187,1,Education,2207,22.83466543891228,19.50184674489195,-4.719400501872449,18.92219028982054
250,0,Education,2207,183.2152249379886,19.467221040725548,-0.09350991710454208,19.466996454098165
1262,0,Office,2208,103.85002441596293,19.335286094414574,-3.279183404189471,19.055189438957303
170,1,Retail,2207,60.349143122925874,19.210539124451987,-6.224708661553544,18.174097378711295
1140,0,Education,2206,513.0793670211613,19.08265067257975,-2.470529070545404,18.922051759872616
1104,0,Public services,2207,209.7225988549672,19.02360861931999,-2.428212532573202,18.8680011871348
244,3,Education,1289,6.9050149721540715,18.976420361919715,-4.349757083128453,18.471170592846978
246,3,Office,2207,110.36971821285883,18.914497918888692,-4.322552474526939,18.413955892979804
171,3,Office,635,35.28180495960506,18.895811722474466,-5.859708574678611,17.96428445752965
1134,0,Office,2207,131.52699544568054,18.819354385900763,-2.524027268281186,18.649326686266594
1232,0,Education,1610,256.712008477442,18.711107442138058,-1.6802918245540497,18.635508071838853
204,1,Lodging/residential,2207,134.40578069544293,18.638271841453104,-0.6825338608718856,18.625770447545708
1296,3,Office,1739,29.338132218843892,18.617492241773704,-4.400722096552132,18.089904985969987
567,0,Entertainment/public assembly,2208,154.87933394874352,18.572325856376207,-2.0636453807286377,18.457319834093397
625,0,Education,2207,126.50214916448762,18.556277365327528,-0.9083609953551389,18.534031130897674
1091,0,Lodging/residential,2207,221.10703081581244,18.392710275843942,-1.5982896260408777,18.323134599801026
1259,0,Education,2208,134.58362817073214,18.199469837350993,-1.1263696497492615,18.16458074860998
175,0,Education,2207,131.92916760014688,17.970774856359117,-0.2610822622187672,17.96887823405523
626,0,Public services,2204,151.37477239896077,17.944397068256368,0.3925742290745335,17.940102330196286
1246,3,Office,2208,12.009691853994045,17.928885655085324,-4.785136208573334,17.27852459842925
167,1,Lodging/residential,2131,93.61805422164251,17.87910728818553,0.5460520424451055,17.870766759973968
173,1,Education,2207,139.19667151787726,17.76868223679315,1.9213531474449346,17.664497460016573
214,0,Education,2207,130.9896096038127,17.568392768220583,-2.351287298029724,17.410338092656023
1261,0,Office,2208,149.62210729847783,17.567651596506433,-1.0125853936988425,17.538445011936002
226,1,Office,2207,73.71168154831867,17.559867330769546,-4.534391024817,16.964322524294527
192,1,Education,2207,657.823670691908,17.541183908477116,-1.2213560092539977,17.498612013804856
198,0,Office,2207,134.20230178331755,17.513659452699624,-1.9575676564214246,17.40391324661404
228,3,Lodging/residential,279,30.79920687726749,17.504502265272663,-6.118149604537251,16.400483071282885
1277,0,Office,1739,82.23357927915761,17.45105091506038,-0.5313419171200668,17.442960007038398
570,0,Education,2208,150.43415107243302,17.42618894204705,-3.067759864553801,17.154034815674002
261,0,Education,2207,141.96131852464973,17.186993425353368,1.2406846304154524,17.142154025996582
1185,0,Office,2207,120.15197617358409,17.079765164691295,-2.036108021052714,16.95796692435762
249,0,Entertainment/public assembly,2207,379.7181285794201,17.07606525966217,-0.9399103852916337,17.050178099359027
611,0,Education,2208,507.2528292890908,17.06743722458875,0.19085232047218242,17.066370112213324
1276,1,Office,2208,70.13551580063675,17.044614621375196,0.18571910304688533,17.043602788317983
225,0,Lodging/residential,2207,126.54916328685987,16.812594824398605,-2.3736216636597858,16.644196133403373
1080,1,Education,1128,11.06708528402638,16.80747912742718,-4.334966530764035,16.238824458563986
1098,0,Office,2207,80.36178395366798,16.52570835961839,-4.893078779913507,15.784701987706997
1315,0,Entertainment/public assembly,2208,62.470108703426696,16.482845636215217,-4.375777566734239,15.891405568852756
1219,0,Office,2207,118.13502492070684,16.44378099785666,-2.311150580977026,16.280556393978717
276,0,Office,2207,175.4959629466753,16.418693017446362,-0.11949858752665306,16.41825814417355
594,0,Education,2208,387.70984257131386,16.388477808815775,-2.1308724476895313,16.249356525774328
238,1,Office,2207,91.75240878514374,16.349908639764543,-1.9380184910930698,16.234641876457534
1269,0,Healthcare,2208,77.10845114009967,16.258294813245158,-2.9410458017990866,15.99007191435093
246,0,Office,2207,351.07224261928155,16.177953318767013,-0.8791246528070712,16.154049443685366
271,0,Education,2207,90.41168347234687,15.919931465530547,-0.14745177367258339,15.919248595383841
231,1,Education,2207,290.63132384161526,15.89022030897614,-3.5879614341224166,15.47984606561215
1154,1,Lodging/residential,300,46.79905088583628,15.887728154631933,0.7487010072182685,15.870077275088315
1244,0,Public services,2195,130.14237752232302,15.78509831050437,1.4068840913176346,15.722277374028398
185,0,Education,2207,84.28416465513837,15.770515480957945,-1.017583961985091,15.737651712229654
1240,0,Public services,2208,145.16847826086956,15.670869652237448,-0.6794442634109625,15.656133339695806
614,0,Lodging/residential,2208,179.39780346206996,15.667381344483301,-3.761465538905738,15.209149062097062
202,0,Lodging/residential,2207,206.7210868140611,15.635238454901842,-0.9544651148539788,15.606078235295634
1084,0,Office,2206,328.07807993607855,15.619106324889973,-3.4574334587971665,15.23163275115993
253,1,Education,2207,110.66909531894505,15.45770455428579,0.5576378212574317,15.447642867049035
1162,1,Office,2207,17.306168359871844,15.388302536567249,-2.402913927686186,15.19953484857526
210,3,Education,2207,16.662680962315825,15.38470898150164,-2.6933321832391375,15.147119600644393
1132,1,Office,2032,31.797480204633956,15.255055233661269,-5.338283814575609,14.290536592343065
1276,0,Office,1739,82.24603478561673,15.246462951173596,-1.6029556350478904,15.161964442432165
206,3,Public services,2146,12.794882895006605,15.209416086489846,-3.453399687144151,14.812169601135707
217,3,Education,1357,12.120223973547613,15.10348584295076,-4.837627768379208,14.307782573928794
585,0,Public services,2208,203.8760719852171,15.02679585321781,-0.9151383403955938,14.998903807686146
258,1,Education,469,8.86703772639542,15.005080325776948,-1.42155865920004,14.937590386721409
1322,0,Entertainment/public assembly,1739,129.67717790740738,14.978694396366413,-1.424319991634731,14.91082151932509
593,0,Education,2208,114.8806887804598,14.917819318973377,-1.9514679984688827,14.789628321377355
224,3,Education,2207,59.723015423322295,14.493074113681477,-3.1528457595686996,14.14598037892863
1293,0,Office,1739,84.91659688483442,14.401924380068088,-0.8708319931704682,14.375572249092219
652,0,Education,2205,111.1132765927823,14.396665344949188,-0.7050761463757801,14.379389440524685
205,1,Lodging/residential,2207,89.43209513994866,14.317818317846617,1.2536387306282035,14.26282970928045
1316,0,Entertainment/public assembly,2208,50.47550156842107,14.223908477088774,-3.952485971163062,13.663726688292511
589,0,Education,2208,128.43267294980478,14.143785212136656,-0.2754476331476661,14.141102811607336
1283,0,Public services,2208,105.77713242130002,14.11093723676384,-0.06560494267790783,14.110784729822242
265,0,Office,2207,125.36398277576552,14.058460601296888,-0.37840040329500374,14.053367127240469
248,3,Education,1266,43.60416250564099,13.811904530789977,-4.40186049290191,13.091689385586799
1207,1,Healthcare,2207,8.734383379047172,13.804072055702195,-1.7850183372166104,13.688174270326144
1126,0,Education,2192,196.2613245622955,13.768026235520892,-0.5137084351217331,13.758439230729493
1215,0,Parking,2197,93.70914344631329,13.71247868112708,-2.0774317168362066,13.554200420616763
1238,0,Office,2208,87.94154448094575,13.704406701449324,-1.6675214524636093,13.60257825723869
1133,1,Office,490,15.559080482988941,13.667031706886663,-2.3174138959076216,13.46912575158832
216,3,Education,1321,5.914664272283804,13.649715197788781,-3.1802379545282515,13.274065373250352
1121,0,Education,2206,154.09705215017036,13.613612201723392,-0.22081040096534554,13.611821330951178
1097,0,Office,2207,186.54411737660666,13.558366050083059,-0.7214807237489551,13.539156381152543
1135,0,Education,2207,267.58254183521626,13.516179809730355,-3.4345529991683024,13.07252700685168
177,3,Entertainment/public assembly,895,8.842062322254288,13.4966267906941,-4.092230681971274,12.861282314482278
290,0,Office,2207,65.57605284806232,13.403744862827468,-3.4930484898514553,12.940594599759324
580,0,Education,2208,100.40095462142557,13.306054388849459,1.3526618435750264,13.237121640898982
266,0,Education,2207,87.83399177083723,13.279208613648189,-2.4926076603287637,13.043170184294102
255,1,Education,2207,55.286222200346145,13.229456685532188,-2.2628082953201947,13.03450124910817
1100,0,Lodging/residential,2207,184.05210693248753,13.22691513711592,0.955059482205391,13.192389678519802
1202,0,Office,2207,179.0147530981789,13.177710779209107,-0.8741735759334062,13.148683658055802
618,0,Education,2208,119.0967389638873,13.142867726247816,-0.4634197672297126,13.134695055043617
163,0,Education,2207,113.14044116253112,13.0022662640388,-0.4476424203268325,12.994558255842536
235,1,Education,1832,48.004733519465965,12.858647730265618,-0.6017445983154195,12.844560128298024
247,0,Education,2207,173.3591626127975,12.840198153181998,-0.5265144808565148,12.829398704320743
275,0,Office,2207,132.00228357423092,12.822530069882937,0.3572474779679052,12.817552482144853
210,0,Education,2207,182.25666835008838,12.75550804706912,-0.43695228618383186,12.74802173823232
610,0,Entertainment/public assembly,2208,43.28024964423283,12.740826468391532,-2.407005579526223,12.51139413645801
1287,0,Education,2208,99.4342349830313,12.731296591790885,-0.32741663792885073,12.727085732930128
190,3,Education,2207,21.869431552921533,12.684669666441637,-3.1741651638560455,12.281104187299581
1208,0,Healthcare,2205,204.21081280351495,12.657771645910351,0.0906256489543557,12.657447216234546
1129,0,Office,2207,128.4274486858055,12.609730235963175,-0.28167295990114194,12.606583873810717
172,0,Office,2207,119.05516524027524,12.55603292305061,-0.6588146587899787,12.538737018140795
1207,0,Healthcare,2206,184.2035081540036,12.548701623484202,-1.6868980094567312,12.434801467692436
188,1,Office,929,24.03852153145202,12.495871890119684,-0.7795237585517142,12.471533867337117
239,3,Lodging/residential,2207,58.43493006161343,12.454846583410198,-2.4093869274991215,12.219576835957989
1176,0,Education,2207,115.13818258087615,12.240389359061108,-1.2462733202207146,12.176778493210856
1312,0,Lodging/residential,2208,81.25809238267982,12.221782298191165,-1.2504168916309626,12.157648627160718
208,1,Healthcare,2207,35.06670626791343,12.211266104389942,-1.618805833661656,12.103490717356118
1196,0,Entertainment/public assembly,2207,77.79939510101747,12.155464934964902,-1.8104481710831923,12.019883743405458
1237,0,Office,2208,50.0625,11.934140457197998,-1.9936835459639397,11.76643252522542
244,0,Education,2207,75.12161283229453,11.933883494452978,0.623961787611669,11.917560444435667
1101,0,Office,2207,63.45926859328041,11.931605670943974,-1.525033601583729,11.833743549737038
164,0,Warehouse/storage,2176,30.519680002265993,11.903023510053082,-1.9361049715830656,11.744507917315554
1193,0,Office,2207,75.84846282253775,11.801313499954494,-2.1341028729831213,11.606748263477302
1203,0,Lodging/residential,2207,122.28856727728004,11.753358154522441,-2.1560547413309132,11.553910847019015
1307,0,Lodging/residential,2208,75.68947111178136,11.600309328384107,-0.8232953276363011,11.571057052736693
1209,0,Healthcare,2207,245.47631179125102,11.573400219880446,-2.0584666491358785,11.388867709475075
206,0,Public services,2207,182.70568321342105,11.571017032708376,0.34045201328344776,11.566007418200915
1217,0,Education,2207,89.33340822262196,11.463826630934145,-1.4259026444250444,11.374802093783284
1106,0,Office,2207,76.92790205920504,11.256192636189864,-0.961586914619149,11.215044505870145
260,0,Education,2207,14.358219288966412,11.22179380483194,-4.055117283221037,10.463492725542773
1306,0,Lodging/residential,2208,69.35843931419262,11.200621822629667,-1.1884255561892552,11.137395292929321
173,0,Education,2207,138.30769252820312,11.190743307805214,-2.4151362452602507,10.927023963459465
248,0,Education,2207,57.515011488608124,11.188606776339956,-1.1218899082745224,11.132218315738879
1124,0,Lodging/residential,2207,136.5297280446836,11.109978419436647,-0.825602229682503,11.079259968007399
1205,0,Parking,2207,66.85806038912249,11.046777902496656,-3.318936179781341,10.536411374923953
1308,0,Lodging/residential,2208,71.35928790292878,11.038956793048975,-1.0278270652482886,10.991002620450292
1173,0,Manufacturing/industrial,2207,53.143217515448505,10.998624219441457,-3.950383923165352,10.264706599805027
622,0,Education,2208,218.48846288349318,10.990358439526567,-2.3906707657987822,10.727193105320138
1070,0,Lodging/residential,2207,114.84860353940853,10.876617569575572,-1.3867010127116013,10.787857528543128
1236,0,Office,2208,70.60960144927536,10.859152608327177,-0.5462988471043694,10.845402387214195
191,3,Education,1231,19.888833175917934,10.844554283760155,-3.4747375374147182,10.27280665930698
283,0,Entertainment/public assembly,2207,93.93387853521322,10.81748579940604,-2.6902055760493693,10.477632985505085
1070,1,Lodging/residential,2207,36.77836545006852,10.811070183448825,-0.3906858478525383,10.804008657889161
1109,1,Office,2072,6.715298476474338,10.766474614951639,-0.6758869060404487,10.745238597846075
1281,0,Office,2208,475.3610530797986,10.740509842753212,-2.6778178137057433,10.40133854073017
282,1,Office,2207,13.711812184881342,10.731506440529897,-2.146929377056439,10.514557752614548
1311,0,Lodging/residential,2208,56.75177261816419,10.650945531257333,-1.0365730674551326,10.60038475649055
236,3,Entertainment/public assembly,1167,14.397397751264727,10.642229052501321,-4.4555663396449265,9.664624555507901
157,0,Office,2207,81.57975531034897,10.635364359839299,-2.102609694287985,10.425449992207826
1266,0,Public services,2205,36.125279817127044,10.60928481236069,-1.9503714289598728,10.428469471542035
207,0,Public services,2207,124.27153331270897,10.506192250638597,-0.07130956327066502,10.505950245149872
1178,0,Education,2207,102.82954604127691,10.50489499648886,-1.3497101782486203,10.417826132259492
1117,0,Office,2207,90.98226193167476,10.472064798569946,-1.8926616205543,10.299610339014217
616,0,Education,2208,72.61707101956658,10.406980592221416,-2.0270138381767784,10.207666723924378
201,3,Education,2207,43.17054170129739,10.363422812029807,-1.8839613645294915,10.190741972882051
202,3,Lodging/residential,2204,33.584821991608926,10.344959425973768,-1.6969214023605617,10.204834309250403
576,0,Education,2208,177.93024591777635,10.334280089180053,0.25861000313755256,10.331043791790862
268,0,Entertainment/public assembly,2207,81.03049384645601,10.32642231514052,-0.534978798729222,10.312555236969272
281,0,Food sales and service,2207,74.69055205985978,10.306535852923938,-2.321683767814184,10.041636608136878
264,0,Office,2207,114.75889328307137,10.2252123010839,0.5969957987541964,10.207769718136639
1125,0,Parking,2207,83.21803580466903,10.186249999711192,-2.954393320962708,9.748397261174127
1280,1,Lodging/residential,1495,36.20224081058566,10.141480658026152,-1.8599405485590867,9.969465938200717
1248,0,Office,2208,67.07336956521739,10.032442799931497,-1.6378989471668681,9.897837924151263
167,3,Lodging/residential,872,21.892931095777303,10.01589211912661,-3.2411070399585933,9.476988978442119
1309,0,Lodging/residential,2208,49.66787016434946,10.004975489871352,-1.2035820271955813,9.932317194730455
220,0,Education,2207,272.2183685613856,9.953423955222458,-2.815327490102903,9.546967034397216
179,0,Food sales and service,2207,64.60996972979817,9.924595151111493,-1.066290901513994,9.867148150646884
1198,0,Education,2207,66.6170086499842,9.841930770311645,-0.8561797489076062,9.80461919327659
1137,1,Office,1069,11.018821135706942,9.840610343452688,-1.3069684777481,9.75343248963363
1120,0,Services,2207,74.55833799935165,9.81442140177936,0.44682662061065653,9.804244663553556
1119,0,Office,2207,90.22745808790214,9.71889579468192,-0.6634238571478208,9.696226289317563
238,0,Office,2207,131.63744913748502,9.712378175683387,-1.3759800612108224,9.614414631096436
1127,1,Office,490,34.702779999557805,9.71173113651347,-3.247953516417887,9.152514388030967
1256,0,Office,2208,44.51795993680539,9.679321473437135,-0.6965855380466573,9.654223571801385
174,0,Education,2207,158.70265045822828,9.641249615984666,0.6299850181666427,9.620645146486282
225,3,Lodging/residential,2207,72.70073583194126,9.597336073136793,-2.553146825018095,9.251502634201255
1260,0,Office,2208,60.570865014325015,9.570396885521678,-1.831132268858271,9.393585639166174
263,0,Education,2207,58.911277014365496,9.524242034534307,-1.3854918452260807,9.422929410708871
1216,1,Office,365,10.816563022483702,9.522800443488537,-2.568314997492903,9.169922920077273
270,1,Office,2159,15.778600615344427,9.47080792388177,-1.5912713418517506,9.336169356200811
213,3,Education,2207,90.24781907171916,9.44630302191005,-0.9951974122227548,9.393733171239859
1239,0,Office,2208,41.39673913043478,9.38025402423007,-2.0818359828773403,9.14631753764768
234,0,Education,2207,78.36243477005952,9.375318291817415,-0.569656691967389,9.357995743009448
1105,0,Food sales and service,2207,71.51734052657217,9.242420639440365,-2.4256720099056572,8.918433414939727
178,1,Office,2207,34.31315691259364,9.198636743898298,-1.3498654711913352,9.099053860478094
1136,1,Office,2207,16.9499836864923,9.163495215928712,-2.5146065332026426,8.811719387016531
1076,0,Lodging/residential,2206,102.83001323364479,9.127910267033116,-1.3099779477140459,9.033421479124698
260,3,Education,2086,36.261565845398984,9.0278723396332,-1.277508187461834,8.937027011914097
191,0,Education,1976,67.6582693904035,9.020590827835479,0.5580761936672596,9.003311049013659
1274,0,Office,2208,46.729166666666664,8.98359661739794,-1.051362882741054,8.921863273605918
1121,1,Education,1677,8.405700202402645,8.972142976790172,-1.5835398138936463,8.831293860685358
1143,0,Office,2207,75.78794743996376,8.97039888128778,-0.7697222607037632,8.93731412286634
1210,0,Office,2206,139.3708877866093,8.939646289788982,0.08447333211296176,8.939247174270307
156,0,Public services,2207,126.09785688976707,8.92600062577194,0.4041558577410229,8.916846147261635
619,0,Education,2207,188.9684544828179,8.924409529237542,-0.8140037660975887,8.887208972130946
1122,0,Office,2207,82.99907763835041,8.819271604536812,0.07784242854201508,8.818928063597525
239,0,Lodging/residential,2207,150.78889248756786,8.81903361673621,0.32220636683892334,8.813145692106298
1223,0,Office,1950,30.65238712212978,8.763337554975971,0.017873118084945617,8.763319328547952
1101,1,Office,1161,9.554782200126581,8.752972928218355,-1.7634829935359895,8.573486036241778
1108,0,Parking,2207,124.51724019156465,8.75092223212225,-4.064503345367838,7.74973886451312
1163,0,Parking,2207,67.73493429995469,8.637584638811425,-2.070922348398628,8.385651377176028
1310,0,Lodging/residential,2208,44.221071500709094,8.62189912613626,-0.8298820741662583,8.581866946314578
1254,0,Education,2208,61.90951857013979,8.59154528186275,-0.28278554682513785,8.586890162614454
571,0,Education,2208,43.652308600536294,8.435645308436992,-1.1468754867747768,8.357319449894815
1268,0,Office,2208,44.04752743416938,8.331159299683993,-1.4694559763038637,8.200543543596115
1301,0,Education,2208,116.15517019188923,8.296284409372173,-0.510785003380844,8.280545494199824
574,0,Education,2208,34.5070770525414,8.287816963354382,-1.2343139792899611,8.19538766737694
1111,0,Office,2207,41.494261862197824,8.257339007640985,-0.8552863106447792,8.212924741767273
1246,0,Office,2208,46.42572463768116,8.177528579369659,-0.7858158382193927,8.139684707334252
1234,0,Education,1739,30.836365673444682,8.156905116563593,-1.0775803303497111,8.085414133627586
577,0,Education,2208,53.79248273880153,8.108468339716898,-0.6400852062861173,8.083164587269332
219,0,Education,2207,183.85279567737518,8.09552397559725,-0.32400870821317995,8.089037445609454
179,3,Food sales and service,2207,15.901783279342029,8.082536205356153,-1.998728797519732,7.831505264306369
256,1,Education,2207,11.084563826591006,8.030221217723314,-0.806884758547757,7.9895800760739
232,0,Entertainment/public assembly,2207,99.293633215126,7.999130508823069,-0.6631283989367545,7.971596428803179
277,1,Education,2207,49.48239891071043,7.960783323319061,-0.5913104034279101,7.9387922965418865
160,0,Entertainment/public assembly,2164,14.68148797293247,7.950317700420326,-1.6665237211785766,7.773689614614534
176,0,Education,2207,60.73122729269908,7.934934588846041,-0.16679831256655467,7.9331812819442264
1138,0,Education,2207,61.02407703650284,7.885835653572224,0.4012975693503667,7.875618338643916
240,0,Lodging/residential,2207,89.75480299510187,7.822265899979079,-0.07305076713055626,7.821924788400687
1095,1,Education,282,4.512674124871797,7.816089977487265,-1.6184316897454696,7.646694802449258
1143,1,Office,2207,4.269775988399902,7.7833630906542455,-1.2047795323117159,7.689554426589461
241,0,Entertainment/public assembly,2207,40.68126411852817,7.778482817029392,-1.2422505460945374,7.678646268421884
575,0,Technology/science,2208,27.817090164924014,7.747741248255887,-1.9288760215419711,7.503794489686276
1245,0,Healthcare,2208,50.511406701544054,7.740722501663351,-1.0750359167624057,7.665708227256509
1146,0,Public services,2207,63.56613186143565,7.726223766006435,-1.3267756477108466,7.611451902432553
1142,1,Office,1125,4.668206065747473,7.687868582690661,-0.8660517964579394,7.63893170741656
167,0,Lodging/residential,2207,87.27205538090722,7.629604697857926,-0.47525707239205905,7.614788149431149
257,0,Education,2207,48.8568508954517,7.620833736623505,-0.009718173841817201,7.620827540258088
1233,0,Education,1739,28.89725061529597,7.557188653475049,-0.9631220808823651,7.495565102214032
213,0,Education,2207,198.60659253354197,7.517006144581543,-1.497441612552048,7.36634576942151
578,0,Lodging/residential,2208,57.78033585220143,7.444904281937137,-1.6928268199650756,7.249892214703116
1074,0,Office,2207,61.38267714479254,7.442778984871631,-1.0511463190458201,7.368178230309254
176,3,Education,573,4.9765809181473015,7.428999271765389,-2.264790192983532,7.075362574572154
646,0,Education,2208,44.36553875778032,7.407954695314629,-0.806900182033204,7.363878384660413
1162,0,Office,2207,50.445499318187245,7.382727463173218,-1.0197652060558293,7.311958952292469
171,0,Office,2207,16.1624875171359,7.312683905036598,-1.9233702206854566,7.055210336280676
603,0,Public services,2208,35.72090906120729,7.305742793271906,-0.8251799354706082,7.2589913786655735
1226,0,Education,1739,41.86029952994155,7.2089814472854465,-0.30659017984036135,7.202459022370848
178,0,Office,2207,28.08066576338484,7.15223316239379,-1.826854806751552,6.91498667564112
1142,0,Office,2207,67.04777345022141,7.140206370809876,-0.8827727584630903,7.085425835803337
1153,0,Technology/science,2207,147.66629090544646,7.125772842203626,-1.5627687879959018,6.952294032472488
643,0,Education,2208,84.10079698631729,7.105459261164044,0.913885523449631,7.0464433980619665
1211,0,Office,2207,58.51169593959682,7.04010000362557,-0.7725202636137845,6.9975867628315145
1206,0,Office,2207,83.17209236860599,7.00770077487409,-0.42716741840387545,6.994669266436055
1085,1,Education,1956,4.534654404472842,7.001930838506122,-0.9775609106916742,6.933354897386309
1127,0,Office,2207,116.29681470116502,6.948435170562963,-1.142137888688568,6.853923866132332
255,3,Education,1020,10.404027935102874,6.910430004146654,-2.0126522430378566,6.6108451646370465
1271,0,Public services,2208,30.169966004464936,6.883200846020576,-1.1467751919165088,6.786999377181585
190,0,Education,2207,131.1445400599284,6.840835688771547,-0.7650155270723431,6.797924989591214
1109,0,Office,2206,176.87591240779983,6.818736150166636,-1.0562477652243756,6.73643105390739
180,1,Education,2207,77.37218566517728,6.8029686799951605,1.0199844985822322,6.726069764999992
184,0,Education,2207,37.375432702605956,6.798520776080943,-1.5928429989620554,6.609291635528107
1082,0,Office,2207,85.04349891859641,6.739902703631151,-0.12248885115465054,6.738789574972445
1133,0,Office,2206,134.21214005305134,6.739096417435259,-0.483985311686431,6.721694633168077
161,1,Education,2207,9.093887164338065,6.708266953086833,-0.6683381042065176,6.674890987300282
282,0,Office,2178,18.89749556708708,6.703929723271074,-0.40160359269361057,6.691889739744145
277,0,Education,2207,57.58750302855332,6.602911694876393,-1.2746763501260199,6.478706896654984
1224,0,Office,2208,29.375002896872118,6.597620302441588,-0.6380982113780368,6.5666905156117705
601,0,Entertainment/public assembly,2169,14.541682595973633,6.594524466652211,-0.6813452114755231,6.559231787646629
1255,0,Office,1713,35.61981734795245,6.516902181281961,-0.8781375258899846,6.457467655824642
1300,0,Healthcare,1690,57.230624951695546,6.473088639160085,-0.16879391780161307,6.470887508196734
1184,0,Lodging/residential,2207,52.21038018258168,6.458085550147068,-1.1783691874662736,6.349670466335118
196,0,Entertainment/public assembly,2207,44.67443135770997,6.453338603349725,-0.724063238916645,6.412590081670068
1299,0,Education,1739,47.851453767966234,6.375012961625103,-0.6482898808697827,6.341964245503904
1160,0,Office,2207,39.84443006614889,6.303253479743626,-0.8502590828259732,6.24564359549695
226,0,Office,2207,51.41772541656287,6.26946958014464,-1.0375456266680398,6.183020935508874
1294,0,Office,1739,31.129307989281713,6.25178199936885,-0.626942789451704,6.22026694816122
1210,1,Office,2207,11.81795633784451,6.234863860193121,-0.49231385816734635,6.215396561780966
1230,0,Office,2208,26.385711502337802,6.178345480290774,-0.6957105828408271,6.13905038737692
189,1,Education,1864,22.937634667357663,6.167764637633601,-0.1383111010793455,6.166213640846525
247,3,Education,2207,53.35566152465468,6.16072967086385,-1.2332816150357115,6.036025723559924
279,0,Education,2207,46.79915274242821,6.115841387180621,-0.5284291998077324,6.092969592402538
624,0,Education,2208,94.30542800737464,6.1005474022254935,0.05724999112443467,6.100278767836472
1242,0,Office,2208,21.13651902433755,6.092676273826767,-1.108104870321149,5.9910606551780266
279,1,Education,2207,17.25622755979109,6.015714147895165,-0.1070519859547656,6.0147615564949195
1167,1,Office,615,3.589720332044048,5.92352242950258,-1.6558055878946951,5.68739182999702
175,3,Education,1888,11.637473804844639,5.914852153943848,-1.1867492195881257,5.794575246972046
270,0,Office,2192,23.02007902593073,5.896391722491026,-0.5687172352439832,5.86890075324137
1136,0,Office,2207,52.716277813446915,5.875883662759257,-0.8758726264071894,5.810237169048413
591,0,Entertainment/public assembly,2196,18.998680187270505,5.8637545929880455,-1.1011488973552122,5.759434784129585
286,1,Lodging/residential,2207,45.79131462933739,5.838475326489419,-0.23976168818036991,5.833550245854289
236,0,Entertainment/public assembly,2207,58.584984085815876,5.820385383638423,-1.1046536994015999,5.714597642745301
288,0,Entertainment/public assembly,2207,13.525242403561462,5.8000528952199675,-1.0687656068046298,5.700732730540966
627,0,Education,2208,112.0873374627984,5.747244763019706,0.14642296363752688,5.745379246122665
1096,0,Parking,2207,31.933732177533873,5.739850770337816,-1.322199534701284,5.585487915677853
240,3,Lodging/residential,2207,14.277756587919953,5.683029982847928,-1.3462979095001941,5.521259976203251
1123,0,Office,2207,37.926645699809136,5.656404184912846,-0.9905504578930542,5.568996147733218
1297,0,Office,1739,40.44245739103803,5.612093810721993,-0.6266503630454441,5.576997961523666
218,0,Public services,2207,79.2539487423052,5.602446670515495,-0.9396116243569941,5.523091407114622
251,0,Education,2201,9.489700242098436,5.586126848540724,-0.5539109795218442,5.558596567007959
208,0,Healthcare,2207,41.09605343610818,5.577007541225573,-0.12468851221568845,5.575613498962096
1103,0,Other,2207,37.24442049665153,5.546460047820017,-1.2048675702854674,5.4140108237921005
1146,1,Public services,612,10.615986095534431,5.522936835594186,-1.092193814547532,5.413865897990754
187,0,Education,2207,18.674635246807924,5.436242326730527,-1.336575236697896,5.269373517941435
253,3,Education,1895,11.122789741631863,5.391199991090545,-1.39016168509985,5.208885469389305
1166,0,Office,2207,58.435069773388385,5.377860394124801,-0.2117941054476909,5.373688274881022
608,0,Entertainment/public assembly,2208,66.22378229403841,5.334925515946632,-0.01878571742132735,5.334892441045031
289,0,Entertainment/public assembly,2207,15.1179428961842,5.2083794433095765,-0.7262751697311135,5.157493655189681
253,0,Education,2207,88.27787697709519,5.171179414842645,0.07368498737699787,5.170654413430428
187,3,Education,753,8.652003331963284,5.1224672271531135,-1.5940393093064262,4.86813200043339
1160,1,Office,1717,5.518884005739929,5.077701626333481,-1.003860989052787,4.977480981453133
1128,0,Office,2207,77.67263881059378,5.05437757660844,-0.6004671140022577,5.01858266166096
647,0,Lodging/residential,2208,32.09277464341426,5.039089656170828,-0.6715992967325365,4.994134454292975
220,3,Education,1949,19.755573583052914,4.931239875013253,-1.7811015491696054,4.59834796165605
1196,1,Entertainment/public assembly,753,8.321273037466216,4.883688093170293,-1.6010768668135602,4.61377960656204
274,0,Office,2207,26.321119177217227,4.8750490029078,-0.5208833188067195,4.847141771079245
1115,0,Services,2207,24.578855515822706,4.830660407214573,-0.419311231248315,4.812427460355064
205,0,Lodging/residential,2207,83.57397371230755,4.800261380202464,0.17865632406884546,4.796935608920915
1077,1,Entertainment/public assembly,862,2.148792124230181,4.765181074521994,-1.0541723168294506,4.64711430883866
607,0,Education,2193,21.1285041486407,4.721708830463459,-0.2944174906009976,4.712520835063207
632,0,Education,2206,58.93096899272957,4.690211727980245,0.1728992682284683,4.687023778084499
233,0,Education,2207,24.94806431794955,4.612748325427473,-0.853014863684632,4.5331901301475375
228,0,Lodging/residential,2207,35.026094278491996,4.559893209341087,-0.20778196424154546,4.555156719140505
1165,0,Office,2207,15.226013130659856,4.539802181777151,-0.6668308070672083,4.490561270533414
1075,0,Office,2207,32.556593108512075,4.5068732908301445,-0.04969101107480856,4.506599345739146
1305,0,Lodging/residential,2208,19.96713062386582,4.472498157915996,-0.3826841775238722,4.45609611575366
1102,0,Office,2206,62.23456846705806,4.433450552121533,-0.3936429278127456,4.415940335136984
287,0,Office,2207,34.984281824679734,4.394509326170177,-0.03634148359523289,4.394359056149914
612,0,Education,2207,93.15390800403479,4.287842732575748,0.25944224421474815,4.279986567878394
600,0,Education,2208,68.64210326084192,4.237900351709149,0.4094688200324778,4.218072388714748
215,3,Lodging/residential,2112,8.450747392507214,4.21215650635635,-0.582142211806599,4.1717349962902786
161,0,Education,2207,11.23291069363705,4.208619655439686,-0.5608165675505863,4.171086690745476
1182,0,Warehouse/storage,2207,10.654281830539194,4.125418402228059,-1.0653818761708582,3.9854784469833193
630,0,Education,2208,48.8445574770803,4.112143328029885,0.04071651434379858,4.111941745175919
639,0,Education,2208,8.560379488960557,4.086616520217463,-0.48416101398844114,4.057834729981986
1157,0,Education,2207,138.2490788551818,4.0432787704054745,-0.5921295457665701,3.9996857146833276
255,0,Education,2207,36.60842674028079,4.0368368500032075,-0.3404620599277406,4.02245414383975
192,3,Education,2084,37.1049737296498,3.981947561775603,-0.7711764671413496,3.906557722760289
203,3,Lodging/residential,2205,69.74292569106399,3.9710224427880734,-0.7617579811558102,3.8972739215087233
1188,0,Office,2207,26.209062374929093,3.9479519541823733,0.3431892518174946,3.9330072171265296
1270,0,Entertainment/public assembly,2208,10.838315217391305,3.8190458768255042,-0.6539284870701486,3.7626438767303014
1093,0,Office,2207,24.514488455284543,3.8081296375331197,-0.2036339684357064,3.8026812308103417
605,0,Education,2208,24.691500049138416,3.797157805571637,-0.29887465514962736,3.7853773049621884
195,3,Office,587,21.059200314890585,3.7786689254413335,-0.9575091463326437,3.655340624727782
1087,0,Office,2207,27.23233075870018,3.7477722170255325,-0.2526381294743243,3.739247326166616
1231,0,Education,2208,22.61744021332782,3.741478635879327,-0.15103213154370784,3.738429038778561
199,0,Parking,2207,79.60686001218062,3.688827757392911,0.03432687598575771,3.6886680372862872
188,0,Office,2207,15.827042480480848,3.671390967808464,0.2675049789820392,3.661632521802999
183,3,Education,1107,6.409425051662442,3.60450024148172,-1.1708612095566333,3.4090330034772847
256,0,Education,2207,11.679079292422244,3.589588297918865,-0.270967308371259,3.5793464300553657
588,0,Education,2208,20.515537661702737,3.5499072462613284,-0.4257106243624769,3.5242888532814103
598,0,Public services,2208,47.89403167496557,3.5253420684748926,0.03185298905263996,3.525198162777129
1177,1,Office,555,4.020162355255437,3.5048967425559288,-0.8653657282965765,3.3963868054550113
235,0,Education,2207,40.8376166793519,3.502089443432607,-0.103977281501488,3.500545556728789
1161,0,Office,2207,32.591808782749496,3.4920797067583473,-0.5919603847737303,3.4415408730991417
252,0,Education,2202,5.090632564920279,3.483299285243829,-0.7019902843397658,3.411829941728155
184,3,Education,2207,12.360237651785196,3.479186037879482,-0.8217823320299872,3.3807409372708355
243,0,Parking,2207,62.432232161479995,3.47342047056281,-0.7496067322144331,3.3915688865691007
1229,0,Office,2208,15.29718886596569,3.3674346076385038,-0.09709473276654447,3.366034528876743
629,0,Education,2208,18.296675053627595,3.329137955904858,-0.4785768662227129,3.2945597145237517
222,0,Entertainment/public assembly,2207,13.237541953956697,3.3049480682665777,-0.3775758852179801,3.28330902975045
1079,0,Education,2207,14.82609026819319,3.2708859616429544,-0.2671338059784457,3.2599592794659915
621,0,Parking,2207,16.761413518044005,3.2289010634997646,-0.13223262316605577,3.226192277475187
272,0,Education,2207,16.000357955194566,3.218096848283707,-0.059884947652098765,3.2175396062796544
1170,0,Office,2207,38.135279147723274,3.2152237601815674,-0.3208369381256756,3.1991760637967768
1141,0,Parking,2207,19.120072496601722,3.1842355257173947,-0.606946908243325,3.1258552963652364
587,0,Technology/science,2208,106.55983573803003,3.1811641779447983,-0.24214548446128484,3.1719349128559076
1137,0,Office,2207,18.38423198912551,3.135709525258213,0.04230234347153405,3.1354241720271125
159,0,Education,2207,12.682946421303898,3.100184907740286,0.03593410906006909,3.0999766453937525
264,3,Office,2142,5.3059191870756175,3.060900874481115,-0.946646999386822,2.910837271637008
1216,0,Office,2207,21.499154504846004,3.0534509344622003,-0.2597087769299036,3.042386228004863
1221,0,Office,1211,12.796036333608589,3.0102567449312048,0.07177793327194623,3.009400870389158
234,3,Education,2207,15.491483464411713,3.0071454276794127,-0.424861399653857,2.9769810906852205
215,0,Lodging/residential,2207,30.517278832442955,3.0069773724541355,0.08794544365641278,3.0056910216107133
1202,1,Office,2207,83.86932372355494,2.9754288482169104,-0.10334987374756839,2.9736334061880885
1131,0,Office,2207,28.886576314182047,2.966455403053341,-0.28402106818647366,2.952827406254991
1194,0,Office,2207,43.188367929186384,2.9162026233997356,-0.1379210629009491,2.9129393267165336
262,0,Entertainment/public assembly,2207,16.284698690501717,2.8585593107350373,0.1397369932997187,2.8551418363530603
1190,0,Office,2207,27.741622086504655,2.821684106625923,-0.2657561117465881,2.8091413077050196
182,0,Entertainment/public assembly,2115,1.4479411155055883,2.7571521903888665,-0.18215140592495108,2.751128689517393
158,0,Office,2207,15.032048034408701,2.720929282583229,-0.05096349760290766,2.7204519629522896
195,1,Office,2155,17.28702228734499,2.6889166914151006,-0.5210446379238077,2.6379509962585694
231,0,Education,2207,77.91456724390704,2.6638125497591503,0.2573230109469164,2.651354779785527
623,0,Education,2208,23.161660147317942,2.6527341467036,-0.039247863146517716,2.652443789852239
204,0,Lodging/residential,2207,30.605666608685112,2.6282169746911883,-0.13989033081583827,2.624491410044837
1095,0,Education,2206,63.71941477065722,2.4635807569667727,0.20452641391341778,2.4550761886566157
1118,0,Services,2207,21.198775706271753,2.4522326841242785,-0.22318940344389915,2.4420547961251238
1079,1,Education,598,1.5579389640438468,2.361405647411221,-0.3223117765214104,2.3393058265949795
1177,0,Office,2207,27.49824921210859,2.356825339423861,-0.4807656603232705,2.3072689614356467
230,0,Education,2207,14.852387862989792,2.321616280455646,0.11646322472483998,2.318693267977332
651,0,Parking,2199,44.56759723873234,2.308335151150074,-0.42307315254908956,2.2692334118876376
628,0,Education,2208,21.74841861102892,2.2975646725726557,-0.08557093069780203,2.2959706096710835
642,0,Education,2208,13.071548777213994,2.2842587835404693,-0.031043159252793974,2.2840478349731184
565,0,Education,2205,10.661582994352933,2.251312647645322,-0.07399424368059539,2.2500963289045925
189,0,Education,2207,13.17507476411257,2.2438733998437175,-0.07826829748959387,2.242507950517519
193,0,Office,2207,6.2602537470702195,2.2055573689068675,-0.2755641955456319,2.1882750470799306
1213,0,Warehouse/storage,2207,14.159519910569314,2.1805081498546763,-0.7012095295710494,2.0646842342647487
1296,0,Office,1739,16.64452044260509,2.148455365707379,-0.10820125385142944,2.145729001319087
654,0,Education,2204,49.94405950695114,2.1201211280182015,-0.13154562208775333,2.1160362347508883
1163,1,Parking,2207,4.409803806371585,2.0913113839400683,-0.3983251677815773,2.0530271223997754
1227,0,Education,1580,52.82337793036352,2.0081742961573794,0.06033285741298543,2.007267782350818
581,0,Lodging/residential,2207,9.600274091940095,1.992723484505174,-0.2887768736217742,1.9716883128323495
227,0,Entertainment/public assembly,2207,10.334698697804432,1.9331732338305196,0.07354505828326396,1.9317737642904411
1174,0,Other,2207,21.329742215367858,1.7640085860824073,-0.18990872816432533,1.7537562449609303
180,0,Education,1741,30.370648899549455,1.7444899005534202,-0.23583229012806847,1.728475670660664
214,1,Education,2207,4.959443227631451,1.7253150144674034,-0.3079098868445392,1.6976169770387075
596,0,Education,2208,8.552318749436434,1.6383967209280763,-0.0024386245201347898,1.6383949060767744
1071,0,Office,2207,9.397083363708026,1.61729676939058,-0.19966098763193402,1.6049250232640302
1199,0,Warehouse/storage,2207,19.735249068653847,1.6060777985479233,-0.2184867699166807,1.5911472044911241
573,0,Education,2208,13.29939737700034,1.5909684422812165,-0.03493956764200608,1.5905847386881689
195,0,Office,2207,7.090462165771159,1.4799536698346811,-0.207763638999827,1.4652976268208073
1081,0,Manufacturing/industrial,2207,15.52859673480616,1.451329336143513,-0.2634855297314246,1.4272113429947648
568,0,Education,2205,5.108435392866329,1.4188648701984006,-0.08389318495607727,1.4163825236852683
242,0,Parking,2207,13.493443587272482,1.4039942976748394,-0.20174891639971046,1.389423392143305
606,0,Utility,2208,51.10791783401932,1.3657674568967217,-0.2906425202483323,1.3344840470166126
226,3,Office,1624,10.672527517003966,1.3596913471055119,-0.4621704340370221,1.278733376938145
286,0,Lodging/residential,2207,23.41138650002283,1.3151195814763923,-0.10679339587196082,1.3107763669599692
1069,0,Office,2207,6.3285652057153365,1.256543401086572,-0.035297520225149294,1.2560475324923674
631,0,Education,2208,10.663893433584683,1.1748794852877327,0.08909431846703529,1.1714964820121578
263,3,Education,103,0.6828815682420453,1.1328714695381388,0.10598244638036158,1.1279031374868749
252,1,Education,331,0.30472326152634405,1.049005305814364,-0.0547031315560644,1.0475780157222885
582,0,Education,2164,7.038029946813742,1.0399204606370347,-0.012661941251564238,1.0398433726745988
1113,0,Office,2207,11.125269604636687,0.9425249161020766,0.06558014536132967,0.9402406404786029
590,0,Education,2206,0.7822165005550747,0.7632514611364648,-0.10028193255226114,0.7566348702845594
604,0,Education,559,2.259593451492262,0.7080451565659618,-0.1011339737953584,0.7007851761280893
186,0,Religious worship,2207,1.2076121417077206,0.6918695942731341,-0.12954855538864699,0.6796327738392152
638,0,Education,2208,3.5644096697046272,0.6376625293769543,-0.01969724525794989,0.637358235139912
579,0,Education,2190,1.3285408384179416,0.49475716672443065,-0.09310506181884297,0.4859177929330181
287,1,Office,2207,1.798183358844503,0.48179835464507037,-0.026739217244228796,0.48105578553829176
635,0,Education,2145,3.689605134016984,0.439030699523867,-0.029989603463724132,0.43800522691915966
633,0,Parking,2208,27.48109161335489,0.3565501180939115,-0.0007543651760607674,0.35654932007502604
566,0,Education,2147,0.5215362278344634,0.2839641546321874,-0.007335528055770657,0.2838693909954291
1110,0,Office,2207,1.4662855303984288,0.2359349307596208,0.0022681496320123796,0.23592402813150223
613,0,Entertainment/public assembly,2196,0.8655242751774892,0.22413545643079438,-0.026711653297046088,0.22253806507557067
1114,0,Other,2207,3.530946997641221,0.19478419068484604,-0.05900607829042435,0.18563179594437687
1241,3,Healthcare,2208,0.49372735389413824,0.16894075272475817,0.002554856785139286,0.1689214333292709
1259,2,Education,2207,0.34720648692306394,0.10440717849811855,-0.005197491890435924,0.10427773012482983
637,0,Education,2181,0.2154199445243551,0.08970501203146448,-0.006298842437085182,0.08948359496308786
634,0,Education,2208,0.27699715553013526,0.08963690237673798,-0.002522125822600971,0.08960141265087188
636,0,Education,2205,0.19217297040821474,0.055505907672589616,0.0016102530144375266,0.055482545649848634
